shipment_id,order_id,carrier,tracking_number,ship_date,delivery_date,weight_kg,shipping_cost,status
1,1,FedEx,IE44218299,2025-04-21,2025-04-23,1.4,23.3,Delivered
2,3,USPS,NY47812248,2025-07-24,2025-07-25,6.91,35.29,Returned
3,10,DHL,BC05670867,2025-11-16,2025-11-18,15.28,13.02,Delivered
4,12,UPS,FX90043655,2025-04-03,2025-04-06,15.35,25.18,Delivered
5,15,FedEx,PA84826691,2025-03-07,2025-03-12,11.46,10.27,Returned
6,17,USPS,TK24835505,2025-07-31,2025-08-02,15.74,43.06,Delivered
7,18,FedEx,NP96080706,2025-05-04,2025-05-10,6.58,27.27,Returned
8,20,DPD,XN69987950,2025-05-12,2025-05-18,15.8,39.65,Returned
9,24,UPS,ZQ82210401,2025-08-28,2025-08-30,9.49,43.24,Delivered
10,28,FedEx,JE81880442,2025-06-22,2025-06-25,6.19,37.16,Delivered
11,29,UPS,ZR73836381,2025-08-13,2025-08-17,8.56,21.5,Returned
12,30,USPS,HK32126942,2025-08-08,2025-08-09,1.2,22.21,Delivered
13,33,UPS,XU46420362,2025-12-04,2025-12-08,0.49,36.1,Delivered
14,35,UPS,CY86314417,2025-03-30,2025-04-05,5.97,20.55,Returned
15,37,USPS,ZY46255402,2025-04-18,2025-04-22,6.58,29.32,Delivered
16,38,FedEx,QF35582430,2026-02-22,2026-03-01,12.39,23.68,Returned
17,39,DHL,HG76464489,2025-10-16,2025-10-17,4.94,18.3,Returned
18,40,DPD,LR03153888,2025-11-26,2025-12-02,9.45,48.64,Returned
19,43,USPS,RO52790504,2026-01-25,2026-02-01,13.79,45.72,Delivered
20,44,UPS,HQ04333353,2025-07-20,2025-07-22,19.74,30.55,Delivered
21,46,DHL,GT95163211,2025-10-31,2025-11-01,12.83,15.97,Returned
22,47,UPS,MP97871809,2025-11-12,2025-11-16,2.31,9.31,Delivered
23,48,USPS,OC91373265,2025-06-30,2025-07-03,16.5,44.08,Delivered
24,49,DPD,YG60119875,2025-12-22,2025-12-25,4.08,7.14,Delivered
25,50,DPD,NB78688002,2026-01-07,2026-01-10,10.98,34.05,Delivered
26,51,UPS,MH09156182,2025-12-15,2025-12-20,13.82,9.6,Returned
27,53,UPS,MH03657744,2025-07-03,2025-07-10,19.15,19.98,Delivered
28,54,FedEx,ID60936595,2026-02-11,2026-02-17,3.76,25.01,Delivered
29,57,UPS,GI14911894,2025-08-28,2025-08-31,4.06,48.66,Returned
30,58,DPD,LI43368750,2025-06-07,2025-06-10,14.98,4.09,Delivered
31,61,USPS,JE63223998,2025-03-31,2025-04-06,8.6,40.89,Returned
32,62,DPD,QC37455611,2025-10-29,2025-11-05,1.3,49.51,Delivered
33,63,DPD,XY42886050,2025-06-26,2025-06-27,8.8,4.51,Returned
34,66,UPS,SG53766608,2025-12-25,2026-01-01,15.82,26.12,Delivered
35,67,DHL,NX12600308,2025-12-24,2025-12-27,14.72,29.57,Delivered
36,69,DHL,EU66910627,2025-03-31,2025-04-07,10.68,40.53,Delivered
37,74,USPS,BG31234550,2026-01-10,2026-01-15,12.24,49.67,Delivered
38,75,USPS,WJ82691776,2025-03-03,2025-03-10,16.37,24.89,Returned
39,76,UPS,PT29384401,2025-03-05,2025-03-11,1.55,33.45,Delivered
40,77,DPD,EQ80873543,2025-12-22,2025-12-26,15.64,37.75,Delivered
41,78,USPS,NU88260335,2026-01-15,2026-01-16,11.54,3.3,Returned
42,81,DHL,GX10157090,2025-10-18,2025-10-19,4.58,23.08,Delivered
43,83,FedEx,TC99144920,2025-08-17,2025-08-24,11.73,39.09,Returned
44,87,FedEx,XN49269996,2025-04-17,2025-04-21,15.42,30.0,Returned
45,88,DPD,HS96489971,2025-11-14,2025-11-20,3.14,39.33,Delivered
46,89,FedEx,VK28596932,2025-05-13,2025-05-16,2.11,28.07,Returned
47,92,FedEx,LM14084993,2025-04-02,2025-04-09,10.85,47.87,Returned
48,95,UPS,JD12342669,2025-12-16,2025-12-23,18.58,33.93,Delivered
49,98,FedEx,DW69087261,2025-03-30,2025-04-02,8.54,15.74,Delivered
50,101,UPS,HM60723483,2025-08-22,2025-08-29,0.64,44.25,Delivered
51,102,USPS,WB35953828,2025-05-14,2025-05-15,0.61,43.77,Returned
52,103,DHL,BV40561299,2026-02-25,2026-03-01,8.99,21.76,Delivered
53,104,USPS,BQ08269582,2025-10-08,2025-10-15,11.85,8.86,Delivered
54,105,DPD,OE41869656,2025-05-08,2025-05-13,14.52,8.72,Returned
55,107,USPS,ZH30876123,2025-11-03,2025-11-04,14.84,19.84,Delivered
56,108,FedEx,IJ59514346,2026-01-12,2026-01-16,4.29,7.27,Returned
57,109,USPS,EW39484002,2025-03-26,2025-03-29,5.18,8.26,Delivered
58,112,DHL,ED30086966,2025-05-06,2025-05-07,7.66,22.74,Delivered
59,120,UPS,VB16831139,2025-05-07,2025-05-10,18.92,42.32,Returned
60,121,UPS,SO01680941,2025-06-28,2025-07-05,4.66,35.96,Delivered
61,125,DHL,ML91507628,2025-10-05,2025-10-09,19.03,15.91,Returned
62,127,FedEx,BF76205344,2025-09-03,2025-09-04,16.96,11.34,Delivered
63,129,DPD,IU77946207,2025-08-03,2025-08-05,3.2,35.67,Delivered
64,130,DPD,ZF66292508,2025-12-26,2025-12-27,16.07,43.72,Delivered
65,133,DPD,XX77602991,2025-10-27,2025-10-30,8.36,10.4,Delivered
66,134,DPD,MM40688413,2026-02-18,2026-02-20,19.31,37.87,Delivered
67,135,DHL,WZ73125523,2025-06-01,2025-06-04,15.75,4.41,Delivered
68,136,USPS,RG17817032,2025-12-02,2025-12-05,12.54,45.72,Delivered
69,137,UPS,PG19206136,2025-03-25,2025-03-30,0.67,4.21,Returned
70,138,DHL,HM52778956,2025-03-22,2025-03-26,14.73,9.78,Delivered
71,139,DPD,DU37184449,2025-07-06,2025-07-07,7.6,31.13,Returned
72,140,FedEx,CG29502648,2025-11-27,2025-11-29,2.09,19.39,Returned
73,141,USPS,GZ64403734,2025-10-13,2025-10-14,19.77,8.28,Delivered
74,144,USPS,LE78127782,2025-12-07,2025-12-11,17.14,28.23,Delivered
75,147,DPD,OM02179821,2025-11-28,2025-12-05,16.21,3.03,Returned
76,150,UPS,YU48629857,2026-02-01,2026-02-05,2.65,33.85,Delivered
77,151,DHL,GL97363831,2025-07-12,2025-07-17,9.61,38.19,Returned
78,152,FedEx,VB85605397,2025-11-08,2025-11-10,4.46,9.1,Delivered
79,155,DHL,SD79866177,2025-06-05,2025-06-07,14.89,36.71,Delivered
80,156,DHL,WA67368205,2026-01-03,2026-01-08,5.07,14.78,Delivered
81,157,USPS,UR68212235,2025-08-13,2025-08-16,13.4,27.44,Delivered
82,158,FedEx,GR21650587,2025-11-30,2025-12-03,6.63,20.61,Returned
83,160,DHL,KI46921821,2025-08-30,2025-09-04,14.98,40.59,Returned
84,161,FedEx,IX59679089,2025-12-04,2025-12-11,19.59,3.67,Delivered
85,163,FedEx,BK43699848,2026-02-28,2026-03-07,3.32,18.16,Delivered
86,164,USPS,UM20509386,2025-05-12,2025-05-16,17.17,11.82,Returned
87,165,USPS,GJ48424959,2025-10-04,2025-10-08,19.85,24.3,Delivered
88,166,USPS,ZW11457887,2025-03-17,2025-03-22,2.44,16.13,Delivered
89,171,UPS,CY07152386,2026-01-07,2026-01-10,19.93,11.76,Delivered
90,172,USPS,YX73820974,2026-02-20,2026-02-27,15.46,24.45,Delivered
91,175,UPS,YI19177987,2025-08-12,2025-08-18,15.29,15.35,Delivered
92,177,DHL,UH29968722,2025-12-01,2025-12-05,19.3,8.93,Returned
93,178,DHL,ZP93708580,2025-08-01,2025-08-05,2.49,36.5,Delivered
94,179,UPS,YU23504056,2025-03-09,2025-03-16,6.21,23.5,Delivered
95,180,DPD,RI95790012,2025-04-20,2025-04-27,3.73,41.54,Delivered
96,183,FedEx,DL25544286,2025-10-21,2025-10-23,16.82,13.43,Delivered
97,187,UPS,OI63259423,2025-10-28,2025-10-30,10.56,39.66,Delivered
98,189,DPD,GV89463389,2025-10-07,2025-10-14,10.55,40.61,Returned
99,190,FedEx,UE62415285,2025-05-08,2025-05-13,13.9,49.87,Delivered
100,192,FedEx,OS25629269,2025-07-22,2025-07-25,2.09,10.78,Delivered
101,194,FedEx,GJ35895138,2025-07-05,2025-07-07,10.86,47.89,Delivered
102,195,FedEx,JU65507846,2025-03-10,2025-03-17,5.64,48.08,Returned
103,196,USPS,MT09574430,2025-07-24,2025-07-27,18.03,48.68,Delivered
104,197,UPS,EK91891179,2025-06-22,2025-06-26,2.81,47.09,Delivered
105,198,UPS,FX03859340,2026-02-12,2026-02-13,14.2,34.4,Delivered
106,199,DPD,UU36415471,2025-09-18,2025-09-24,11.92,6.14,Delivered
107,200,FedEx,EU31325936,2025-05-25,2025-05-27,9.67,10.53,Delivered
108,204,FedEx,NR81367500,2026-02-10,2026-02-14,12.96,21.38,Delivered
109,205,UPS,YN21410527,2025-04-28,2025-04-30,1.5,48.28,Returned
110,207,USPS,UI81987809,2025-03-23,2025-03-25,2.56,37.76,Delivered
111,209,USPS,JX70452388,2025-03-25,2025-03-27,2.93,15.95,Delivered
112,210,DHL,DU56225866,2025-06-28,2025-06-29,10.46,27.64,Returned
113,211,FedEx,KI98678744,2025-08-25,2025-08-29,13.24,17.04,Returned
114,212,DPD,BX75854859,2025-06-13,2025-06-18,9.14,6.31,Returned
115,214,DHL,HF59428249,2026-02-10,2026-02-13,7.69,44.88,Delivered
116,215,USPS,ZT65020002,2025-12-19,2025-12-25,8.58,10.92,Delivered
117,216,UPS,ZU53931321,2025-08-02,2025-08-09,4.57,7.84,Returned
118,217,UPS,HN51305570,2025-03-08,2025-03-13,4.9,42.95,Delivered
119,219,USPS,HN68214448,2025-04-30,2025-05-07,8.49,32.99,Returned
120,220,UPS,BC66997273,2025-10-18,2025-10-25,18.1,33.09,Delivered
121,221,UPS,VT74620258,2025-11-07,2025-11-11,19.66,6.91,Returned
122,225,USPS,TI25431832,2025-06-11,2025-06-17,4.93,26.26,Delivered
123,227,UPS,PA12312392,2025-12-24,2025-12-28,2.17,39.7,Returned
124,229,DPD,PA49106018,2025-07-16,2025-07-21,16.76,20.66,Delivered
125,230,USPS,IK47238750,2026-02-22,2026-03-01,0.94,8.07,Delivered
126,231,DHL,ED76817225,2025-03-23,2025-03-28,2.44,38.91,Delivered
127,233,DPD,JK54584726,2025-08-01,2025-08-06,8.49,21.51,Returned
128,235,USPS,QJ05291876,2025-06-27,2025-06-30,17.06,29.95,Returned
129,237,USPS,PE31608271,2026-01-17,2026-01-18,16.28,32.52,Returned
130,238,DHL,PL21733739,2025-06-25,2025-07-01,4.4,11.49,Delivered
131,239,UPS,NN20522299,2026-01-31,2026-02-01,18.42,40.69,Delivered
132,242,UPS,PJ62165914,2025-09-22,2025-09-29,7.24,35.1,Delivered
133,245,UPS,IN82325539,2025-05-12,2025-05-14,8.98,5.25,Delivered
134,246,UPS,VV58446177,2025-04-18,2025-04-24,15.4,10.55,Delivered
135,249,DPD,VQ73264309,2026-02-22,2026-03-01,13.0,37.81,Delivered
136,250,FedEx,LC49791279,2025-05-24,2025-05-31,16.91,43.26,Delivered
137,252,DPD,VP02927120,2025-05-27,2025-05-30,10.81,40.84,Delivered
138,254,UPS,IL97871375,2025-08-26,2025-08-29,2.12,36.93,Returned
139,255,DPD,YX88322012,2025-08-21,2025-08-24,9.99,11.75,Delivered
140,259,UPS,WJ60832004,2025-12-02,2025-12-04,17.13,25.82,Delivered
141,260,USPS,WR79788897,2025-10-16,2025-10-23,17.93,38.47,Returned
142,261,DHL,DZ35852386,2025-03-30,2025-04-02,2.32,30.35,Returned
143,264,DPD,KY03044361,2026-01-24,2026-01-30,5.99,29.32,Delivered
144,267,DPD,UK95171523,2025-08-12,2025-08-16,13.94,12.34,Delivered
145,268,DPD,FT10292950,2025-12-09,2025-12-15,18.3,34.17,Returned
146,269,UPS,AK37483093,2025-12-16,2025-12-18,10.7,21.65,Returned
147,270,UPS,HJ67139719,2025-06-12,2025-06-13,12.31,48.63,Returned
148,272,USPS,RS60221321,2026-01-06,2026-01-08,16.54,14.56,Returned
149,273,UPS,HH76720191,2025-03-22,2025-03-28,0.62,13.55,Returned
150,277,FedEx,UC66122019,2025-12-27,2025-12-29,8.86,41.14,Delivered
151,279,UPS,VU72587339,2025-04-23,2025-04-24,4.95,3.98,Delivered
152,281,USPS,NI30493665,2025-06-29,2025-07-03,8.35,28.91,Delivered
153,282,USPS,LG02748124,2026-02-27,2026-03-01,3.8,27.37,Delivered
154,283,DPD,AK14086825,2025-10-10,2025-10-16,17.78,49.02,Delivered
155,285,UPS,LM52294620,2025-12-28,2026-01-03,16.09,15.39,Returned
156,287,FedEx,WI55610399,2026-02-15,2026-02-18,6.47,19.78,Delivered
157,289,FedEx,RM97013712,2025-04-14,2025-04-17,15.93,30.21,Returned
158,291,DPD,WI65858564,2025-11-24,2025-12-01,14.2,28.16,Delivered
159,293,DPD,DB30412027,2025-12-17,2025-12-24,4.63,19.37,Delivered
160,294,FedEx,RD15927387,2025-06-15,2025-06-22,9.36,29.99,Delivered
161,296,DPD,LB29907166,2025-08-01,2025-08-05,8.81,30.78,Returned
162,297,DHL,UQ63224815,2025-12-24,2025-12-26,11.24,29.27,Delivered
163,298,USPS,BN20340301,2025-03-03,2025-03-06,17.36,9.95,Delivered
164,299,UPS,NE56797564,2025-06-05,2025-06-06,11.44,47.53,Delivered
165,301,DPD,PQ57955462,2025-03-09,2025-03-15,9.87,36.1,Delivered
166,302,FedEx,CJ71247601,2025-10-25,2025-10-29,13.27,17.56,Delivered
167,303,FedEx,JO01810306,2025-12-06,2025-12-09,11.44,44.17,Returned
168,305,DPD,HC17641726,2025-08-20,2025-08-22,19.61,30.58,Delivered
169,307,DHL,LB80815712,2025-04-23,2025-04-28,14.27,19.84,Returned
170,308,DHL,AC15071380,2025-10-15,2025-10-22,12.32,27.9,Delivered
171,309,FedEx,SX13073510,2025-09-20,2025-09-26,5.05,31.27,Delivered
172,311,FedEx,TM84743621,2025-12-03,2025-12-10,0.69,46.65,Returned
173,312,DHL,RW00962588,2025-04-08,2025-04-11,1.97,21.97,Delivered
174,313,USPS,HJ76694703,2025-06-11,2025-06-18,7.69,25.3,Delivered
175,315,DHL,QB05339627,2025-11-15,2025-11-17,6.29,11.34,Delivered
176,316,USPS,PI66215918,2025-08-15,2025-08-18,1.91,15.24,Delivered
177,317,UPS,GT70004666,2025-04-29,2025-05-01,19.71,32.75,Returned
178,318,DHL,FQ59011079,2025-04-18,2025-04-22,10.52,3.96,Delivered
179,319,DPD,IX71400493,2026-02-16,2026-02-17,1.28,20.54,Delivered
180,321,DPD,QT81949053,2026-01-12,2026-01-13,0.35,18.36,Returned
181,322,DPD,CZ15204998,2025-09-20,2025-09-21,11.31,43.39,Delivered
182,323,DPD,OO94976987,2025-07-13,2025-07-15,10.01,28.16,Delivered
183,324,FedEx,MJ13797166,2025-06-25,2025-06-26,12.03,29.98,Delivered
184,325,FedEx,SD41661237,2025-11-21,2025-11-27,10.2,41.27,Returned
185,326,DPD,BL77943325,2025-09-20,2025-09-21,0.87,28.27,Returned
186,327,UPS,NC38994991,2025-10-16,2025-10-23,18.71,8.07,Delivered
187,328,DPD,DD01426203,2025-10-23,2025-10-28,3.43,7.69,Returned
188,329,FedEx,KQ87821160,2025-07-23,2025-07-28,19.95,46.24,Returned
189,331,DPD,KG04181359,2026-01-03,2026-01-09,16.65,39.85,Delivered
190,332,DPD,BU98972117,2025-03-12,2025-03-18,1.4,14.57,Returned
191,333,USPS,ZQ88948018,2025-06-12,2025-06-14,3.85,22.0,Returned
192,334,USPS,GV48221758,2025-09-25,2025-09-26,16.24,45.75,Delivered
193,337,DPD,LD39785708,2025-03-24,2025-03-25,1.91,33.78,Delivered
194,338,DPD,QF04806757,2025-11-21,2025-11-26,14.07,27.52,Returned
195,339,FedEx,FW23691496,2025-04-21,2025-04-27,5.72,9.37,Delivered
196,340,USPS,QB12879429,2025-03-24,2025-03-27,8.14,20.72,Delivered
197,341,USPS,RC88276970,2025-03-27,2025-03-28,2.18,29.38,Delivered
198,342,UPS,HW95314196,2025-04-28,2025-05-02,10.0,39.96,Delivered
199,343,DHL,RZ60783274,2025-09-09,2025-09-16,10.6,4.96,Delivered
200,344,DPD,LZ88356517,2026-02-07,2026-02-10,14.98,29.85,Delivered
201,346,UPS,YY62409649,2025-12-02,2025-12-08,14.81,28.11,Delivered
202,347,USPS,GT83496047,2026-02-18,2026-02-21,3.85,48.32,Delivered
203,348,USPS,YJ21702851,2025-07-01,2025-07-08,14.8,27.63,Returned
204,350,UPS,IA25936488,2025-11-30,2025-12-05,13.65,5.1,Delivered
205,351,USPS,ON89348688,2025-08-28,2025-08-29,19.0,44.94,Returned
206,354,FedEx,CM06246728,2025-10-22,2025-10-23,9.96,29.84,Delivered
207,355,DHL,EN91609114,2025-07-26,2025-07-27,18.45,12.68,Delivered
208,358,DHL,GO19359236,2025-12-23,2025-12-26,18.1,34.0,Delivered
209,360,USPS,QU37605230,2025-04-13,2025-04-15,16.55,20.47,Delivered
210,361,FedEx,RW88165025,2026-01-30,2026-01-31,2.92,14.57,Delivered
211,362,DPD,UP47241916,2025-06-05,2025-06-09,14.23,45.4,Delivered
212,363,UPS,EE03440966,2025-05-28,2025-05-30,8.24,3.48,Delivered
213,364,UPS,WI71824989,2025-10-24,2025-10-28,16.87,11.91,Returned
214,365,DPD,GR08806782,2025-09-23,2025-09-26,0.31,35.55,Delivered
215,366,USPS,NL17468135,2025-03-19,2025-03-25,2.66,35.41,Delivered
216,371,DHL,ZP66486989,2025-05-24,2025-05-30,2.39,45.4,Delivered
217,372,FedEx,KT96987486,2025-04-27,2025-04-28,10.79,10.87,Delivered
218,373,USPS,HN15594501,2026-01-14,2026-01-20,5.77,16.46,Returned
219,374,DHL,SC29207536,2025-09-03,2025-09-06,15.24,21.56,Returned
220,376,DPD,MI51171603,2025-12-02,2025-12-03,16.94,12.44,Delivered
221,377,USPS,GG86365362,2025-11-04,2025-11-05,9.63,8.24,Returned
222,378,USPS,AD94559067,2025-03-07,2025-03-14,3.77,38.84,Returned
223,379,USPS,QL09942489,2025-12-05,2025-12-07,12.34,23.59,Delivered
224,380,DPD,BF04664896,2025-08-28,2025-09-01,15.41,34.16,Delivered
225,382,FedEx,UB60564204,2025-11-14,2025-11-21,15.39,37.07,Returned
226,383,DHL,YT57758097,2025-09-17,2025-09-22,18.98,19.04,Returned
227,385,UPS,PY53389062,2025-10-03,2025-10-05,9.29,45.37,Delivered
228,386,USPS,SS54662265,2025-05-15,2025-05-19,3.15,16.71,Delivered
229,388,FedEx,DA01659953,2025-03-02,2025-03-04,12.58,18.79,Returned
230,390,USPS,WZ62212242,2025-10-01,2025-10-02,1.48,14.55,Returned
231,391,DPD,NE76774625,2025-07-16,2025-07-19,3.31,28.71,Returned
232,392,DHL,XG60112411,2026-01-24,2026-01-25,13.73,22.27,Delivered
233,394,DPD,GE48860080,2025-05-20,2025-05-21,14.44,37.03,Delivered
234,397,DHL,FL98677823,2025-11-29,2025-12-02,2.96,7.88,Delivered
235,399,USPS,TA99570472,2025-09-20,2025-09-21,0.17,5.75,Delivered
236,400,DPD,NH42612120,2025-09-05,2025-09-12,2.48,13.55,Delivered
237,401,DPD,UY43753659,2025-04-27,2025-05-02,1.57,33.5,Delivered
238,402,USPS,GL80785254,2025-05-15,2025-05-20,5.72,31.95,Returned
239,404,FedEx,XZ42183854,2025-07-03,2025-07-09,13.69,31.79,Delivered
240,405,USPS,PD40064454,2025-06-29,2025-07-05,9.63,45.23,Delivered
241,407,UPS,TC52311232,2025-04-15,2025-04-20,4.55,16.48,Returned
242,411,UPS,XZ48979177,2025-10-25,2025-10-29,17.65,20.3,Returned
243,412,UPS,JI33427203,2025-09-03,2025-09-07,2.97,24.62,Delivered
244,413,FedEx,ZE62175080,2025-07-30,2025-08-06,19.75,8.88,Returned
245,414,USPS,YM96304530,2025-05-08,2025-05-10,8.48,22.63,Delivered
246,416,USPS,VO35882493,2025-12-22,2025-12-26,9.32,18.88,Delivered
247,418,DPD,EG40018167,2026-01-16,2026-01-18,4.2,13.2,Returned
248,419,FedEx,QQ48165244,2025-05-13,2025-05-18,18.97,37.28,Returned
249,421,USPS,XS54460838,2025-12-02,2025-12-05,11.01,38.91,Returned
250,422,UPS,AP17993781,2026-01-01,2026-01-04,4.35,9.64,Returned
251,426,USPS,GQ53912878,2025-07-10,2025-07-15,6.08,42.15,Delivered
252,427,DHL,HG48699969,2025-03-23,2025-03-27,4.07,18.87,Returned
253,428,USPS,EG29045792,2025-10-16,2025-10-22,18.75,23.29,Returned
254,429,FedEx,UM47246301,2025-09-26,2025-09-27,7.78,34.35,Delivered
255,434,DPD,PO86424238,2025-05-20,2025-05-26,15.41,33.14,Delivered
256,435,FedEx,JH97283391,2025-05-09,2025-05-16,3.1,17.88,Delivered
257,436,FedEx,HG87062932,2025-07-01,2025-07-08,15.28,25.87,Delivered
258,437,DPD,HA09832210,2025-09-02,2025-09-09,10.66,32.52,Delivered
259,439,DHL,DB23200186,2025-11-18,2025-11-24,15.76,7.03,Returned
260,440,DHL,TY61008987,2025-08-14,2025-08-21,6.7,7.23,Returned
261,443,FedEx,YF10814356,2026-02-02,2026-02-04,19.16,17.46,Returned
262,445,DPD,LG40384531,2025-10-04,2025-10-07,18.19,30.42,Delivered
263,446,UPS,TA07468235,2025-12-18,2025-12-22,14.1,16.62,Returned
264,447,DPD,WZ95100307,2025-10-30,2025-11-06,3.28,44.39,Returned
265,449,DHL,EV20545967,2025-03-29,2025-04-02,10.69,32.06,Delivered
266,450,DPD,EA00666641,2025-04-09,2025-04-14,12.61,35.89,Returned
267,451,FedEx,ZC65411340,2025-03-02,2025-03-08,19.52,34.2,Returned
268,454,DHL,EC85169949,2025-03-05,2025-03-09,15.14,9.37,Delivered
269,455,USPS,JM89058366,2025-06-11,2025-06-15,9.59,39.06,Delivered
270,456,UPS,ZK48268999,2025-03-04,2025-03-10,18.63,30.49,Delivered
271,458,DHL,JJ69708386,2025-11-22,2025-11-26,19.41,47.49,Delivered
272,459,UPS,XB89178791,2026-02-18,2026-02-21,19.76,44.67,Returned
273,464,FedEx,DY59625719,2025-11-26,2025-11-28,12.52,34.84,Delivered
274,465,FedEx,SW09320126,2025-07-15,2025-07-16,19.24,18.07,Delivered
275,467,DPD,TF57898260,2025-10-25,2025-10-28,19.67,26.25,Delivered
276,470,USPS,VG80952175,2025-04-16,2025-04-21,19.83,20.17,Delivered
277,471,DPD,FS51777412,2025-04-22,2025-04-24,5.68,27.46,Returned
278,474,UPS,RF69211882,2026-02-22,2026-02-26,18.13,5.44,Returned
279,475,UPS,JM99626422,2026-01-29,2026-02-04,5.34,49.82,Delivered
280,476,UPS,UU75891704,2025-04-15,2025-04-16,15.02,38.71,Delivered
281,478,DHL,FC54218545,2026-02-14,2026-02-20,6.73,4.47,Delivered
282,479,DPD,XF56820922,2025-12-19,2025-12-20,0.48,20.89,Delivered
283,481,USPS,AR09001635,2026-02-07,2026-02-11,0.82,34.58,Delivered
284,482,UPS,GK07232472,2025-05-05,2025-05-08,16.08,43.12,Delivered
285,483,UPS,HP89540017,2025-04-13,2025-04-17,2.73,19.27,Returned
286,484,FedEx,AE82247312,2025-11-22,2025-11-27,9.83,15.53,Delivered
287,486,DHL,JP68507105,2026-01-21,2026-01-27,16.13,45.93,Returned
288,488,DHL,DZ01195092,2025-06-11,2025-06-12,16.23,40.89,Returned
289,490,DHL,OY11526105,2025-09-22,2025-09-24,3.62,6.05,Delivered
290,492,FedEx,EZ70923007,2025-11-12,2025-11-19,15.6,43.59,Returned
291,493,DHL,GK69500741,2025-05-17,2025-05-23,14.76,19.03,Delivered
292,494,FedEx,DA48543298,2025-07-27,2025-07-28,11.7,48.39,Returned
293,496,UPS,QR98936529,2025-03-16,2025-03-22,15.74,7.97,Delivered
294,499,FedEx,MZ71619827,2025-05-03,2025-05-04,4.07,38.07,Delivered
295,501,DHL,CJ48131045,2026-01-22,2026-01-24,14.39,7.3,Delivered
296,502,FedEx,SN58963217,2025-10-29,2025-11-05,4.28,36.7,Returned
297,503,DPD,HD57483526,2026-02-17,2026-02-20,3.93,41.42,Delivered
298,505,FedEx,LJ64860673,2025-11-17,2025-11-22,9.44,37.38,Delivered
299,506,DHL,LU34488384,2025-11-22,2025-11-29,8.91,26.86,Returned
300,508,FedEx,VD36462805,2025-06-05,2025-06-07,5.34,44.27,Returned
301,509,DHL,VW77406579,2025-11-04,2025-11-06,14.09,6.56,Delivered
302,511,UPS,MC15623920,2025-05-08,2025-05-15,15.15,13.7,Delivered
303,512,DPD,QM85510740,2025-11-10,2025-11-16,6.0,22.38,Returned
304,513,USPS,GM13111786,2025-12-23,2025-12-25,5.09,19.2,Delivered
305,515,DHL,KO02547602,2025-03-17,2025-03-22,13.13,48.5,Delivered
306,517,FedEx,RL06953541,2026-01-09,2026-01-12,1.39,5.95,Delivered
307,520,DHL,DA01227595,2025-12-16,2025-12-22,12.43,41.43,Returned
308,521,USPS,UL26015153,2025-11-16,2025-11-22,0.34,37.98,Delivered
309,522,DPD,SC59479507,2025-11-26,2025-11-29,15.45,45.98,Delivered
310,523,DHL,DW71732798,2025-06-16,2025-06-22,11.43,37.18,Returned
311,524,UPS,SR95031006,2025-04-03,2025-04-07,14.87,25.58,Delivered
312,526,USPS,RW93403910,2025-12-28,2025-12-31,6.34,49.96,Delivered
313,527,DPD,EE20360894,2025-09-16,2025-09-18,3.49,35.47,Returned
314,530,USPS,LI84913599,2025-11-23,2025-11-27,6.55,40.42,Returned
315,531,USPS,XY55359520,2025-09-16,2025-09-20,9.1,9.68,Delivered
316,532,DHL,PB10067990,2025-06-28,2025-07-02,17.48,40.05,Returned
317,533,FedEx,TC69680186,2025-10-22,2025-10-29,8.05,3.66,Delivered
318,534,DPD,TN74037842,2025-07-27,2025-07-29,18.93,13.2,Returned
319,536,USPS,AZ39449530,2025-07-14,2025-07-18,3.08,18.85,Delivered
320,537,USPS,KO77625503,2026-02-22,2026-02-26,3.25,42.0,Delivered
321,538,FedEx,IZ50173654,2025-12-09,2025-12-12,3.88,31.52,Returned
322,540,USPS,DO24178429,2025-11-04,2025-11-08,18.95,10.51,Delivered
323,541,DHL,EA29233451,2026-01-19,2026-01-22,1.43,18.19,Delivered
324,543,UPS,OW09060530,2025-07-30,2025-08-04,2.92,27.38,Delivered
325,544,FedEx,HF88684302,2026-02-17,2026-02-24,8.39,3.61,Delivered
326,545,FedEx,RV66732904,2025-04-02,2025-04-08,6.84,17.6,Returned
327,549,DPD,LF75988759,2025-10-26,2025-10-30,2.52,9.08,Delivered
328,550,UPS,OP29964260,2025-08-13,2025-08-16,16.16,43.61,Delivered
329,551,USPS,LE62027558,2025-09-15,2025-09-20,1.36,24.01,Delivered
330,553,FedEx,HF47709207,2026-01-22,2026-01-24,18.9,35.35,Returned
331,554,USPS,SK52380236,2025-07-05,2025-07-11,15.76,29.08,Delivered
332,557,UPS,KF19215818,2025-04-26,2025-05-03,14.0,45.39,Returned
333,559,DPD,BN05916118,2025-10-19,2025-10-26,19.43,13.76,Delivered
334,560,FedEx,KV85588195,2025-12-01,2025-12-06,16.29,14.71,Returned
335,561,DHL,TD77216880,2026-01-09,2026-01-13,6.34,44.39,Returned
336,563,FedEx,YM53789318,2026-02-23,2026-03-02,12.51,6.82,Delivered
337,564,DPD,TD28972845,2025-12-17,2025-12-21,18.02,47.52,Delivered
338,565,USPS,LJ18227200,2025-12-28,2025-12-29,7.85,12.08,Delivered
339,568,FedEx,DQ39482322,2026-01-18,2026-01-24,7.34,39.55,Returned
340,569,FedEx,VH14474328,2026-02-28,2026-03-02,12.7,18.38,Delivered
341,571,DPD,VO16599302,2025-09-10,2025-09-14,3.01,15.82,Returned
342,573,UPS,II02030423,2025-06-03,2025-06-07,12.13,28.21,Delivered
343,575,DPD,CX77521353,2026-02-08,2026-02-13,2.5,37.47,Delivered
344,576,DPD,ZM28165064,2025-11-26,2025-12-01,5.72,40.16,Returned
345,577,DHL,WZ00593777,2025-11-08,2025-11-14,6.03,12.6,Returned
346,578,DHL,PK91983210,2025-12-15,2025-12-16,13.07,38.83,Delivered
347,580,USPS,CK91617469,2025-06-27,2025-06-30,15.54,49.67,Delivered
348,582,USPS,RE98310438,2025-07-17,2025-07-23,11.15,30.91,Returned
349,583,UPS,HA96622913,2026-02-07,2026-02-08,9.17,12.3,Returned
350,584,UPS,AZ70805685,2025-09-11,2025-09-15,3.34,9.04,Returned
351,585,DHL,GZ70636219,2025-12-24,2025-12-25,17.37,28.97,Delivered
352,586,UPS,TP65504944,2025-05-21,2025-05-23,16.65,20.63,Returned
353,587,USPS,TO07663493,2025-07-06,2025-07-12,12.96,21.59,Delivered
354,588,DHL,DM96504962,2025-07-29,2025-08-03,12.91,18.23,Delivered
355,589,DPD,JQ22626114,2025-12-04,2025-12-05,1.21,36.71,Delivered
356,590,DHL,GR36258542,2025-04-08,2025-04-12,18.55,9.58,Delivered
357,591,FedEx,VN88087991,2025-10-20,2025-10-25,18.81,14.05,Returned
358,592,UPS,QO62341996,2025-08-15,2025-08-18,1.72,19.15,Delivered
359,594,USPS,XQ38532472,2026-01-21,2026-01-25,10.95,27.66,Delivered
360,595,FedEx,CZ05833343,2025-05-10,2025-05-16,11.01,7.21,Delivered
361,596,FedEx,XU31158760,2025-03-01,2025-03-05,2.39,45.84,Delivered
362,597,FedEx,YD45769475,2025-12-17,2025-12-19,1.22,35.13,Delivered
363,598,FedEx,XK69453536,2025-08-31,2025-09-01,9.63,4.98,Delivered
364,600,FedEx,BN74669861,2025-04-22,2025-04-24,10.06,18.18,Delivered
365,601,DPD,IS42125450,2025-03-29,2025-03-30,15.33,26.13,Delivered
366,602,DHL,LW09594815,2026-02-13,2026-02-18,0.9,30.71,Delivered
367,604,DPD,TC69255966,2025-07-27,2025-07-29,9.88,19.42,Returned
368,605,UPS,XX21307423,2025-12-27,2026-01-01,10.23,41.96,Delivered
369,607,FedEx,QQ91426140,2025-04-07,2025-04-09,10.77,46.01,Returned
370,610,UPS,XU89332614,2025-03-15,2025-03-18,11.17,27.01,Delivered
371,611,FedEx,OG43079637,2025-04-14,2025-04-21,15.11,15.05,Delivered
372,613,UPS,JH00817852,2025-12-10,2025-12-13,7.91,33.57,Returned
373,614,USPS,KN15871845,2025-03-29,2025-03-30,12.11,33.62,Delivered
374,615,USPS,RP54268744,2025-06-04,2025-06-11,4.17,8.3,Delivered
375,616,DHL,AY70173208,2026-02-14,2026-02-21,14.88,44.09,Delivered
376,618,DPD,BZ52377729,2025-07-09,2025-07-16,14.74,17.03,Delivered
377,619,UPS,DP56337014,2025-07-26,2025-07-31,7.28,5.56,Delivered
378,622,UPS,UP05278105,2025-07-20,2025-07-25,4.41,4.12,Delivered
379,624,FedEx,ET80002722,2025-08-03,2025-08-05,17.22,12.7,Delivered
380,626,UPS,TO25731609,2025-08-25,2025-08-31,9.21,21.37,Delivered
381,628,USPS,CM91368172,2025-03-16,2025-03-20,11.26,16.41,Delivered
382,631,DPD,XZ13695528,2025-06-25,2025-06-26,2.23,3.01,Delivered
383,632,DHL,IU20929735,2025-03-11,2025-03-16,17.16,47.5,Returned
384,633,USPS,OS59533222,2025-11-11,2025-11-14,7.69,29.7,Returned
385,634,DHL,AS73938992,2026-01-10,2026-01-11,7.42,33.35,Returned
386,636,UPS,BF57353236,2025-09-16,2025-09-22,1.61,22.62,Returned
387,640,DHL,DC85076108,2025-07-06,2025-07-09,17.98,17.2,Delivered
388,641,FedEx,MY82697182,2026-02-20,2026-02-24,2.49,32.93,Delivered
389,644,FedEx,WP01071261,2025-03-14,2025-03-18,0.39,7.05,Delivered
390,647,DPD,TW83882176,2025-08-21,2025-08-25,13.93,15.84,Returned
391,648,DPD,WQ48467357,2025-09-15,2025-09-21,9.65,37.38,Delivered
392,649,DHL,BO22332228,2025-03-31,2025-04-02,8.01,20.74,Delivered
393,651,USPS,JT19442589,2025-11-16,2025-11-20,16.63,22.38,Delivered
394,653,DHL,VN22560629,2025-08-13,2025-08-18,13.17,48.09,Delivered
395,654,UPS,ID50637311,2025-12-01,2025-12-07,14.41,12.53,Delivered
396,656,UPS,QU46741307,2026-02-25,2026-02-26,19.27,11.84,Delivered
397,658,DHL,QE38418520,2025-06-24,2025-07-01,19.92,5.07,Returned
398,659,USPS,OK36260846,2025-12-13,2025-12-20,11.22,36.04,Delivered
399,665,DHL,XU75615470,2026-01-10,2026-01-16,5.8,7.16,Delivered
400,666,USPS,UR49121516,2025-12-12,2025-12-16,10.94,20.54,Delivered
401,673,DPD,KQ11955640,2026-02-03,2026-02-09,10.86,18.07,Returned
402,677,FedEx,JF19693957,2025-11-12,2025-11-16,11.65,20.49,Delivered
403,682,UPS,KB52070204,2025-06-16,2025-06-23,3.04,34.61,Returned
404,683,DPD,JT20197121,2025-07-02,2025-07-08,8.22,48.19,Delivered
405,684,UPS,IK13936967,2025-04-09,2025-04-14,17.71,18.64,Returned
406,685,USPS,KB76098731,2025-04-27,2025-05-03,9.07,28.34,Delivered
407,686,UPS,PY77319227,2026-01-01,2026-01-02,10.18,43.41,Delivered
408,687,UPS,PI07598897,2025-05-12,2025-05-17,10.85,42.1,Returned
409,688,DPD,MF65339431,2025-08-25,2025-09-01,2.88,41.36,Returned
410,689,USPS,LO65430895,2025-03-03,2025-03-10,1.73,22.69,Delivered
411,690,DPD,BX12021915,2025-12-08,2025-12-13,0.94,7.88,Delivered
412,691,DPD,EA57644974,2025-12-20,2025-12-23,13.33,10.74,Returned
413,693,UPS,TI00268764,2025-12-08,2025-12-14,9.83,18.3,Returned
414,697,USPS,TF67649797,2025-11-06,2025-11-11,10.51,41.51,Delivered
415,700,UPS,CB63656045,2025-08-10,2025-08-15,15.02,35.33,Delivered
416,702,USPS,LV63553730,2026-01-27,2026-01-29,3.2,35.62,Delivered
417,703,DHL,FH64969277,2025-04-07,2025-04-13,17.87,48.56,Delivered
418,704,FedEx,DS95296353,2025-04-19,2025-04-23,18.33,35.66,Delivered
419,705,USPS,KH59702551,2025-11-27,2025-11-29,6.13,12.83,Delivered
420,707,FedEx,UN27636431,2025-09-21,2025-09-28,0.57,4.46,Returned
421,708,FedEx,WS48989596,2025-08-07,2025-08-09,16.57,34.98,Returned
422,709,USPS,TT66345443,2025-07-12,2025-07-15,19.03,22.83,Delivered
423,711,USPS,LP41491699,2025-03-09,2025-03-15,0.31,31.09,Delivered
424,712,UPS,KR93449743,2025-09-10,2025-09-14,4.25,23.14,Returned
425,715,DPD,DL64088223,2025-04-11,2025-04-15,11.91,34.92,Delivered
426,716,UPS,QI58629739,2025-08-20,2025-08-24,7.09,15.02,Delivered
427,718,USPS,WK89413210,2025-09-22,2025-09-29,15.08,39.18,Returned
428,720,DPD,UT72021707,2025-03-26,2025-04-01,12.44,19.5,Delivered
429,721,USPS,ZL85346557,2025-06-07,2025-06-08,0.87,25.91,Delivered
430,722,UPS,KB22030044,2026-02-10,2026-02-14,10.92,6.9,Delivered
431,726,USPS,BJ46129390,2026-01-25,2026-01-29,15.01,14.34,Delivered
432,729,UPS,WH51213756,2025-05-01,2025-05-02,6.27,39.53,Delivered
433,730,DPD,JB96359570,2025-09-27,2025-09-29,8.27,3.48,Delivered
434,731,DHL,TM19931458,2025-10-30,2025-11-04,18.72,23.89,Delivered
435,732,USPS,IJ45663113,2025-08-14,2025-08-16,5.57,29.56,Returned
436,733,DHL,QV50342362,2026-03-03,2026-03-09,5.14,8.53,Delivered
437,735,FedEx,QA20334742,2025-06-08,2025-06-12,18.06,16.79,Delivered
438,737,UPS,GV31043796,2025-12-15,2025-12-16,12.06,23.06,Delivered
439,739,DHL,RY68008529,2025-07-30,2025-08-06,4.06,25.85,Delivered
440,741,FedEx,DQ90217741,2025-05-24,2025-05-28,15.47,5.06,Delivered
441,745,UPS,IY30435023,2025-03-05,2025-03-07,17.32,30.43,Returned
442,746,USPS,ZV50228946,2025-03-24,2025-03-26,16.19,47.56,Returned
443,747,FedEx,JN27523328,2025-12-13,2025-12-14,2.87,37.8,Delivered
444,749,DHL,GN30202569,2025-11-02,2025-11-07,8.82,20.23,Returned
445,750,DPD,DC30303346,2025-10-03,2025-10-04,17.96,20.31,Returned
446,752,USPS,JX11675076,2026-01-20,2026-01-21,9.53,16.11,Returned
447,753,USPS,RP79955302,2025-04-23,2025-04-29,1.43,7.1,Delivered
448,756,USPS,XQ53012398,2025-12-20,2025-12-24,10.19,14.43,Delivered
449,758,DHL,II72303420,2025-08-21,2025-08-22,3.32,29.81,Delivered
450,760,DPD,KQ47190172,2025-04-06,2025-04-10,7.53,15.36,Delivered
451,761,FedEx,QI24050764,2025-07-19,2025-07-26,11.68,8.44,Returned
452,762,FedEx,NY71775461,2025-10-17,2025-10-19,3.03,9.26,Returned
453,764,UPS,IC92406583,2025-12-22,2025-12-23,1.29,40.04,Returned
454,766,UPS,UM27258122,2025-04-15,2025-04-20,11.75,3.42,Returned
455,767,FedEx,GU09566844,2025-09-03,2025-09-06,17.23,40.66,Delivered
456,770,USPS,YL23733791,2025-09-04,2025-09-10,9.62,13.06,Delivered
457,773,DPD,GC12110187,2025-05-30,2025-06-03,12.7,28.45,Delivered
458,775,FedEx,DF35869017,2026-01-01,2026-01-03,17.17,9.83,Delivered
459,776,DPD,NN40392519,2025-07-10,2025-07-14,19.8,6.41,Delivered
460,777,USPS,LL45295171,2025-05-22,2025-05-24,16.81,20.0,Returned
461,781,UPS,LK27643387,2026-01-13,2026-01-20,8.19,38.36,Returned
462,782,UPS,YR05422162,2025-12-10,2025-12-17,15.63,4.3,Returned
463,783,USPS,MM54963308,2025-03-12,2025-03-16,12.17,43.75,Delivered
464,784,DPD,FG44470488,2025-11-01,2025-11-05,18.99,26.95,Returned
465,787,FedEx,AX99504702,2025-10-10,2025-10-16,4.9,27.5,Delivered
466,788,DHL,YR96851953,2026-01-14,2026-01-21,8.71,4.45,Returned
467,790,DHL,KM77492663,2025-04-15,2025-04-20,14.12,39.52,Delivered
468,791,UPS,UY56342777,2025-10-11,2025-10-14,7.93,24.83,Returned
469,792,DPD,ZW22592061,2025-12-16,2025-12-19,12.15,46.21,Delivered
470,794,USPS,UK81292059,2025-10-25,2025-10-30,7.78,43.94,Delivered
471,795,DPD,CJ29411563,2025-12-05,2025-12-11,18.48,31.44,Delivered
472,796,USPS,DQ95596363,2025-04-30,2025-05-02,6.81,35.5,Returned
473,799,DPD,YE26294206,2025-12-09,2025-12-14,12.37,5.96,Delivered
474,800,UPS,MN54980851,2025-08-07,2025-08-10,11.93,13.71,Delivered
475,801,DPD,OT13800498,2025-03-13,2025-03-15,3.91,48.7,Returned
476,803,UPS,XV21122121,2025-04-01,2025-04-08,10.4,22.34,Delivered
477,805,USPS,AI48158268,2025-04-24,2025-04-29,13.43,11.85,Delivered
478,806,FedEx,UQ76401918,2025-10-24,2025-10-31,16.06,35.35,Delivered
479,807,UPS,CY88064420,2025-07-14,2025-07-20,14.28,28.99,Delivered
480,809,USPS,PU62987787,2025-08-18,2025-08-25,11.68,11.15,Delivered
481,810,FedEx,MB85664641,2025-12-22,2025-12-28,4.19,40.13,Returned
482,811,USPS,ZJ23421926,2026-01-31,2026-02-02,7.56,21.41,Delivered
483,814,USPS,SK21320410,2025-06-29,2025-07-04,10.79,9.88,Delivered
484,815,UPS,KX94831478,2025-06-24,2025-06-25,2.58,20.7,Delivered
485,816,DHL,NM11797269,2026-02-14,2026-02-18,1.42,41.16,Returned
486,817,USPS,HV94981283,2025-09-05,2025-09-09,18.7,28.88,Delivered
487,819,DPD,VS80036660,2026-01-14,2026-01-19,8.47,15.49,Delivered
488,820,USPS,VM20005328,2025-11-09,2025-11-15,11.95,25.39,Returned
489,824,DHL,ZL86310505,2025-10-30,2025-11-02,2.88,8.78,Delivered
490,828,DHL,SK43838058,2025-08-26,2025-08-27,5.62,28.78,Delivered
491,829,DHL,ZI69299007,2025-07-05,2025-07-07,18.52,35.28,Returned
492,831,DPD,NG62763328,2025-10-18,2025-10-19,1.29,8.24,Returned
493,832,UPS,VO96337618,2025-06-04,2025-06-10,5.76,14.31,Delivered
494,833,DPD,BJ18626713,2025-06-07,2025-06-12,11.46,15.54,Returned
495,834,FedEx,MO41013282,2025-06-11,2025-06-14,3.12,29.02,Delivered
496,836,FedEx,DV92188352,2025-09-05,2025-09-12,3.52,48.42,Delivered
497,837,DPD,FY91875067,2025-06-25,2025-06-27,12.36,47.86,Delivered
498,841,DPD,HG10659208,2025-07-05,2025-07-10,19.58,15.68,Delivered
499,842,DHL,AH43192797,2025-06-23,2025-06-24,5.0,22.1,Delivered
500,843,DPD,PP78159698,2025-12-28,2026-01-01,3.4,11.16,Delivered
501,845,DHL,YX84572026,2025-07-29,2025-08-01,0.16,34.54,Returned
502,846,DPD,IU68629591,2025-06-07,2025-06-12,17.01,23.97,Delivered
503,847,DHL,VU73498992,2025-08-03,2025-08-04,8.23,23.87,Returned
504,851,USPS,LM39460742,2025-04-20,2025-04-26,17.03,38.28,Returned
505,852,UPS,LT07472966,2025-12-06,2025-12-11,4.18,34.65,Returned
506,853,DPD,AJ17996708,2025-06-18,2025-06-25,6.91,3.97,Returned
507,854,USPS,KS97474859,2025-11-10,2025-11-15,16.78,31.51,Delivered
508,855,DHL,HA64183984,2025-07-12,2025-07-14,12.06,35.85,Delivered
509,856,USPS,UL73478536,2025-09-17,2025-09-19,4.22,17.77,Delivered
510,857,FedEx,QS88164980,2025-06-28,2025-07-01,14.33,45.23,Returned
511,860,USPS,KH50928605,2025-05-05,2025-05-10,19.22,35.27,Delivered
512,864,DHL,SJ02627066,2025-05-18,2025-05-20,9.1,40.6,Delivered
513,867,UPS,WH90082484,2025-05-09,2025-05-14,7.25,3.96,Delivered
514,868,USPS,QZ13088983,2025-10-25,2025-10-31,18.19,7.2,Delivered
515,869,FedEx,MV05748839,2025-08-30,2025-09-02,5.46,45.85,Returned
516,870,FedEx,JC74185630,2025-05-30,2025-06-03,3.45,43.12,Delivered
517,871,DPD,WR50003056,2025-08-28,2025-09-02,16.22,42.76,Delivered
518,873,DHL,YS61995305,2025-09-26,2025-09-29,15.24,7.23,Delivered
519,875,DPD,BC18493784,2025-04-23,2025-04-24,13.94,5.35,Returned
520,876,UPS,KA90870187,2025-10-07,2025-10-12,9.12,16.78,Delivered
521,877,FedEx,OR00136510,2025-06-03,2025-06-06,4.66,17.65,Returned
522,878,FedEx,ER44429906,2026-02-20,2026-02-21,17.45,32.18,Delivered
523,879,FedEx,YJ56865240,2025-12-26,2026-01-01,5.84,25.1,Delivered
524,880,FedEx,IU21559967,2026-02-26,2026-02-28,0.44,48.18,Delivered
525,881,DHL,PN62221905,2025-03-05,2025-03-11,1.44,7.77,Delivered
526,882,DHL,TI47047476,2025-05-09,2025-05-14,15.6,29.01,Delivered
527,883,FedEx,KG45593965,2026-02-06,2026-02-12,3.14,46.81,Delivered
528,884,DHL,SV38350712,2026-02-03,2026-02-10,6.58,11.07,Delivered
529,886,DHL,ZI53129003,2026-02-27,2026-03-04,10.07,45.06,Returned
530,887,FedEx,KB21173277,2025-10-02,2025-10-04,1.06,10.33,Delivered
531,888,DPD,TR48839585,2025-06-10,2025-06-12,16.7,29.97,Delivered
532,889,FedEx,RW58522942,2025-09-25,2025-09-29,9.15,36.38,Delivered
533,891,DPD,XN25161857,2025-03-19,2025-03-21,15.11,6.15,Delivered
534,892,DHL,XT17105080,2025-08-06,2025-08-08,5.82,27.86,Delivered
535,894,USPS,OW91477447,2025-10-06,2025-10-12,11.05,37.13,Delivered
536,895,DPD,HY53524784,2025-08-25,2025-08-29,7.14,31.46,Delivered
537,896,UPS,QS71594973,2025-07-22,2025-07-29,10.52,22.16,Delivered
538,897,USPS,BO93053788,2025-04-16,2025-04-23,2.61,4.71,Delivered
539,898,UPS,PP31836113,2025-05-05,2025-05-10,16.85,8.43,Delivered
540,900,USPS,IL89260878,2025-12-21,2025-12-25,6.06,4.12,Delivered
541,901,DHL,AS81527873,2025-03-22,2025-03-24,4.39,39.43,Delivered
542,902,DPD,CS86251521,2026-01-05,2026-01-09,15.83,38.21,Delivered
543,905,FedEx,DG46535378,2025-06-08,2025-06-12,2.93,45.32,Returned
544,907,USPS,RY89156734,2026-02-04,2026-02-07,8.04,36.51,Returned
545,908,USPS,LE71776296,2025-11-08,2025-11-10,2.7,48.1,Delivered
546,909,DHL,QY43362999,2025-05-14,2025-05-16,5.98,5.5,Delivered
547,910,USPS,YB64509999,2026-01-23,2026-01-27,1.65,16.82,Delivered
548,911,USPS,OK01089857,2025-09-27,2025-10-02,0.91,49.12,Returned
549,912,UPS,MA08352118,2025-03-06,2025-03-07,6.7,17.59,Delivered
550,913,DHL,XH84424648,2025-07-05,2025-07-07,19.84,9.86,Delivered
551,914,DHL,JX49979572,2025-10-18,2025-10-21,0.59,13.28,Delivered
552,917,DHL,LD75958281,2025-05-27,2025-05-30,9.02,18.7,Delivered
553,920,UPS,QQ22179789,2025-06-09,2025-06-13,12.47,16.39,Delivered
554,921,DPD,FD12488397,2025-09-18,2025-09-25,11.75,44.53,Delivered
555,928,DPD,YR05984451,2025-12-29,2026-01-02,0.82,39.63,Delivered
556,930,DHL,FL36728681,2025-10-15,2025-10-20,19.97,10.21,Delivered
557,932,USPS,HX30388568,2025-04-05,2025-04-08,14.66,32.85,Returned
558,934,FedEx,VK19397814,2026-02-22,2026-02-24,1.95,21.04,Delivered
559,935,DHL,KD00992177,2025-06-09,2025-06-11,0.98,3.57,Delivered
560,936,USPS,OY55286693,2025-08-25,2025-08-27,11.43,22.63,Delivered
561,939,DPD,XQ51588070,2025-05-20,2025-05-24,11.41,49.55,Returned
562,940,DHL,PY53260119,2025-08-16,2025-08-17,3.35,4.76,Delivered
563,942,DHL,TI91038297,2025-05-05,2025-05-12,4.46,46.01,Delivered
564,943,USPS,SH55136090,2025-05-20,2025-05-26,2.37,34.46,Delivered
565,944,UPS,DI58181045,2025-04-10,2025-04-15,17.03,47.92,Delivered
566,945,DPD,FN43736158,2025-05-28,2025-06-02,11.0,45.36,Delivered
567,947,UPS,UM66271358,2025-09-30,2025-10-06,10.58,34.38,Returned
568,952,UPS,TA69335390,2025-04-03,2025-04-08,16.14,39.58,Returned
569,953,DHL,QP58561547,2025-11-16,2025-11-18,8.73,15.79,Delivered
570,954,USPS,LW15663979,2025-08-12,2025-08-15,19.46,49.59,Returned
571,956,UPS,CQ51164369,2025-07-18,2025-07-23,16.05,15.11,Returned
572,958,FedEx,KI28377270,2025-07-18,2025-07-23,16.91,13.29,Delivered
573,959,FedEx,LH96660534,2025-09-15,2025-09-19,18.53,35.78,Delivered
574,962,USPS,GN16441610,2025-08-30,2025-09-02,14.88,22.71,Delivered
575,964,DHL,CX75358464,2025-09-09,2025-09-12,4.93,32.28,Delivered
576,966,UPS,NA10388027,2025-08-29,2025-09-05,18.53,5.67,Returned
577,968,USPS,GQ42763628,2026-01-03,2026-01-10,3.17,25.24,Delivered
578,969,UPS,UY44718939,2025-10-07,2025-10-10,2.45,14.08,Returned
579,970,DPD,ZQ30969067,2025-07-17,2025-07-21,4.36,23.21,Delivered
580,972,FedEx,NG90922884,2025-10-06,2025-10-09,12.25,10.75,Delivered
581,973,UPS,VD74551358,2025-11-11,2025-11-16,11.91,43.1,Delivered
582,974,DHL,ZJ27174306,2025-07-16,2025-07-17,15.94,3.4,Delivered
583,975,USPS,NL81164034,2025-12-17,2025-12-21,17.94,46.92,Delivered
584,976,DHL,CP88187387,2025-05-15,2025-05-16,9.48,4.54,Delivered
585,978,UPS,CA58333647,2025-07-28,2025-08-04,13.61,46.15,Returned
586,979,DPD,WM41309091,2025-06-01,2025-06-07,1.84,10.77,Delivered
587,980,DHL,WQ86028262,2025-06-16,2025-06-19,0.87,30.39,Returned
588,981,DHL,CU20412319,2025-05-23,2025-05-28,16.45,12.04,Delivered
589,982,USPS,BD57720441,2025-10-06,2025-10-10,2.24,30.89,Delivered
590,984,DPD,XX79419324,2025-03-12,2025-03-19,1.53,31.8,Delivered
591,991,USPS,GO38109794,2025-07-05,2025-07-06,12.16,15.22,Returned
592,992,USPS,EJ22487098,2025-07-21,2025-07-22,12.17,35.38,Delivered
593,993,UPS,FF64963225,2025-08-26,2025-08-30,13.33,35.66,Returned
594,996,DPD,AG42240432,2025-04-04,2025-04-07,6.2,33.71,Delivered
595,998,FedEx,HB18900346,2025-05-25,2025-05-29,15.91,42.81,Delivered
596,999,FedEx,ZC16307028,2025-07-14,2025-07-16,9.28,36.05,Returned
597,1000,DHL,ZZ20200953,2026-02-27,2026-02-28,11.79,8.53,Delivered
598,1004,FedEx,LB62195368,2025-10-22,2025-10-26,3.07,6.45,Returned
599,1007,UPS,GF05779500,2026-01-05,2026-01-11,11.63,36.78,Delivered
600,1010,DHL,ND32590073,2025-12-06,2025-12-10,18.6,34.41,Delivered
601,1011,DPD,NI13072211,2025-04-05,2025-04-11,6.12,36.33,Returned
602,1012,DHL,JL69087167,2026-02-01,2026-02-07,7.35,21.37,Returned
603,1013,DHL,HK10454617,2025-04-04,2025-04-05,0.72,43.09,Delivered
604,1014,FedEx,PA28170744,2025-11-11,2025-11-15,16.27,24.78,Delivered
605,1016,UPS,JF02344225,2025-04-01,2025-04-08,9.05,41.34,Delivered
606,1018,UPS,WF60252394,2025-08-15,2025-08-21,19.17,38.32,Delivered
607,1019,FedEx,YN20944772,2025-06-16,2025-06-17,19.09,22.54,Returned
608,1022,FedEx,IE03265513,2026-02-01,2026-02-04,0.94,9.6,Returned
609,1023,USPS,RW61794802,2025-05-26,2025-05-31,19.15,45.64,Delivered
610,1024,DHL,GG59851602,2025-06-23,2025-06-27,15.44,32.68,Returned
611,1025,DPD,IZ91589126,2025-09-08,2025-09-15,7.52,3.13,Delivered
612,1028,DPD,YG49864786,2025-03-22,2025-03-29,4.11,9.95,Returned
613,1029,DPD,HR62376008,2025-10-29,2025-11-01,7.87,27.85,Delivered
614,1032,DPD,FK47408378,2026-02-11,2026-02-16,4.01,39.18,Delivered
615,1033,DPD,FB19074992,2025-05-03,2025-05-07,10.99,28.32,Delivered
616,1034,UPS,MU40069836,2025-09-19,2025-09-20,6.72,22.14,Delivered
617,1035,USPS,BR23534848,2026-02-07,2026-02-11,18.59,45.96,Returned
618,1036,FedEx,AU70821398,2026-01-25,2026-01-30,18.47,42.24,Delivered
619,1037,UPS,MV46220212,2025-05-26,2025-05-30,6.08,33.65,Delivered
620,1039,FedEx,AD72055033,2025-05-10,2025-05-17,13.4,30.24,Returned
621,1040,DHL,DP00886346,2025-11-18,2025-11-21,10.66,4.91,Delivered
622,1042,USPS,XX91900889,2025-04-09,2025-04-11,0.14,5.24,Delivered
623,1043,UPS,LF91141600,2025-12-24,2025-12-31,10.75,45.28,Delivered
624,1050,DPD,VL69232737,2026-02-07,2026-02-08,17.38,37.44,Returned
625,1051,DPD,YU89790608,2025-05-30,2025-06-06,13.3,26.34,Delivered
626,1052,DPD,YP54818674,2025-03-07,2025-03-09,13.26,16.52,Delivered
627,1053,FedEx,PB00099843,2026-01-07,2026-01-14,18.52,21.28,Delivered
628,1054,DPD,UF11371181,2025-12-07,2025-12-09,13.16,3.67,Delivered
629,1055,UPS,ZT98545829,2025-09-06,2025-09-07,12.97,47.49,Delivered
630,1056,FedEx,UW20340153,2025-03-07,2025-03-08,18.63,37.36,Delivered
631,1057,UPS,KM34660756,2025-09-01,2025-09-07,13.47,22.53,Returned
632,1058,FedEx,JT94494667,2025-03-23,2025-03-25,7.29,38.96,Delivered
633,1062,DPD,TX01082402,2025-04-19,2025-04-22,13.86,33.03,Returned
634,1064,DHL,MX81822387,2025-12-30,2026-01-01,17.08,3.16,Returned
635,1066,UPS,GE40262085,2025-06-11,2025-06-12,19.31,8.33,Returned
636,1068,DHL,AT74527353,2025-05-06,2025-05-09,10.06,42.25,Delivered
637,1069,DPD,KN23570041,2025-04-13,2025-04-17,2.53,34.4,Delivered
638,1074,DHL,RA18285181,2025-07-18,2025-07-25,7.19,7.33,Delivered
639,1078,FedEx,HC12559046,2025-11-03,2025-11-07,10.95,14.76,Delivered
640,1079,DHL,AB07923046,2025-07-22,2025-07-27,19.84,10.63,Returned
641,1083,DPD,FB01283827,2026-02-17,2026-02-19,16.32,28.14,Delivered
642,1084,UPS,FI12329615,2026-02-11,2026-02-18,0.69,43.11,Delivered
643,1085,DPD,WU04850766,2025-07-10,2025-07-11,15.54,21.92,Returned
644,1090,DPD,CA34460422,2025-09-08,2025-09-10,12.79,39.35,Returned
645,1091,FedEx,PA34601915,2025-07-27,2025-08-02,16.71,46.89,Delivered
646,1093,USPS,WJ57347243,2025-09-01,2025-09-06,7.81,33.2,Returned
647,1095,DHL,WG61768225,2025-05-15,2025-05-16,9.11,3.17,Delivered
648,1096,UPS,AT27267086,2025-10-07,2025-10-08,13.01,22.53,Delivered
649,1097,USPS,CA65622419,2025-07-12,2025-07-15,1.8,42.62,Returned
650,1098,DPD,FQ87849477,2025-06-21,2025-06-26,15.35,30.87,Returned
651,1099,DPD,GZ29035006,2025-10-10,2025-10-14,19.92,37.12,Delivered
652,1100,DPD,PU84897422,2025-07-30,2025-07-31,16.24,39.95,Returned
653,1101,UPS,JH43404668,2025-07-17,2025-07-19,10.79,23.01,Delivered
654,1102,DHL,WQ21564952,2025-07-14,2025-07-21,1.19,17.11,Delivered
655,1103,UPS,GQ92064411,2025-06-24,2025-06-30,16.33,49.97,Delivered
656,1106,USPS,DP97388182,2025-08-08,2025-08-11,19.63,48.83,Delivered
657,1107,USPS,GG06343594,2025-10-21,2025-10-22,6.24,17.09,Delivered
658,1110,UPS,BZ21884968,2025-12-14,2025-12-15,6.62,36.45,Delivered
659,1112,DPD,FK64051102,2025-10-24,2025-10-29,12.03,7.71,Returned
660,1113,UPS,HT54341230,2025-06-18,2025-06-19,15.38,17.96,Returned
661,1115,DPD,FJ60498603,2025-03-05,2025-03-07,4.32,40.62,Delivered
662,1116,UPS,SM18600320,2025-05-23,2025-05-24,6.3,38.75,Delivered
663,1117,DHL,FF19789990,2025-08-11,2025-08-18,16.25,28.8,Returned
664,1121,DPD,GW40034713,2026-01-20,2026-01-27,6.01,28.96,Delivered
665,1122,USPS,OW71978601,2025-08-18,2025-08-19,15.07,4.91,Delivered
666,1123,UPS,LP62590841,2025-08-02,2025-08-03,5.45,5.45,Delivered
667,1124,DPD,NC47855011,2025-03-18,2025-03-19,0.18,44.9,Delivered
668,1126,UPS,KJ53582107,2026-01-22,2026-01-26,8.18,8.02,Returned
669,1127,DPD,WD87807279,2026-02-01,2026-02-06,17.91,14.64,Delivered
670,1128,FedEx,SG37161608,2025-06-18,2025-06-20,13.0,29.74,Delivered
671,1131,DHL,OY19722399,2025-07-19,2025-07-25,9.46,37.25,Delivered
672,1132,DPD,OC47718375,2025-10-26,2025-10-28,4.85,22.17,Delivered
673,1133,DPD,AR76810248,2025-08-09,2025-08-12,15.91,39.48,Delivered
674,1136,DPD,PQ85578002,2025-09-04,2025-09-08,4.83,23.2,Returned
675,1137,USPS,ZL43236221,2025-08-25,2025-08-31,3.93,27.81,Delivered
676,1138,USPS,ZQ06968574,2026-02-06,2026-02-08,19.48,22.34,Delivered
677,1140,UPS,SH70675169,2025-08-26,2025-08-29,5.06,43.24,Delivered
678,1141,USPS,AT39521501,2025-07-07,2025-07-13,5.17,31.45,Returned
679,1142,USPS,XC26107033,2025-05-09,2025-05-10,11.86,38.1,Delivered
680,1143,FedEx,OK84243198,2026-02-01,2026-02-06,16.31,30.27,Delivered
681,1144,DHL,AT24848130,2025-04-30,2025-05-02,4.69,14.75,Returned
682,1146,DHL,JG16910530,2025-04-22,2025-04-28,13.71,9.25,Delivered
683,1147,DHL,ZT51675864,2025-11-16,2025-11-19,11.53,33.64,Delivered
684,1149,DHL,FA33953481,2025-03-09,2025-03-16,8.33,19.04,Returned
685,1153,FedEx,FG50147642,2025-07-28,2025-07-30,14.51,39.92,Returned
686,1156,USPS,UV96157385,2025-10-15,2025-10-18,7.64,27.39,Delivered
687,1158,FedEx,IO12817751,2025-03-20,2025-03-24,17.17,9.86,Returned
688,1160,FedEx,QJ95978155,2025-04-17,2025-04-20,17.41,43.33,Returned
689,1161,USPS,JS60972360,2025-08-08,2025-08-12,18.99,23.56,Delivered
690,1162,USPS,CW46546772,2025-08-27,2025-08-28,9.33,5.89,Delivered
691,1164,USPS,DH17107308,2025-03-13,2025-03-19,10.53,12.58,Delivered
692,1166,FedEx,NG56478370,2025-11-21,2025-11-24,5.74,11.32,Returned
693,1167,DPD,SE75438027,2025-09-23,2025-09-27,1.4,24.36,Delivered
694,1168,FedEx,KL48572602,2025-03-26,2025-04-01,9.04,35.36,Returned
695,1169,USPS,JH54686272,2026-02-19,2026-02-26,19.27,15.67,Delivered
696,1170,USPS,CP40766420,2026-02-07,2026-02-09,18.11,3.81,Returned
697,1171,USPS,UJ63271353,2025-07-17,2025-07-23,7.75,49.37,Returned
698,1173,FedEx,HB67625923,2025-08-11,2025-08-16,2.29,36.9,Delivered
699,1175,DHL,HZ87906048,2025-06-09,2025-06-12,5.51,33.94,Delivered
700,1177,USPS,AW93205534,2026-01-30,2026-02-05,0.5,29.66,Delivered
701,1179,UPS,VF08927396,2025-07-18,2025-07-20,5.12,14.48,Delivered
702,1180,DPD,RP59764053,2025-07-26,2025-08-02,11.53,46.45,Delivered
703,1181,USPS,FT56707897,2025-03-16,2025-03-22,19.55,3.16,Delivered
704,1183,DPD,PY55426190,2026-02-12,2026-02-15,8.45,19.04,Returned
705,1184,FedEx,DU84227362,2025-05-13,2025-05-15,2.26,17.4,Delivered
706,1185,UPS,GW32022271,2025-09-27,2025-09-30,11.77,32.56,Returned
707,1186,DPD,GB17576917,2025-08-03,2025-08-08,7.2,20.86,Delivered
708,1188,FedEx,SR20429851,2025-04-28,2025-04-30,6.56,43.32,Returned
709,1189,FedEx,GB86983052,2025-09-18,2025-09-22,10.7,26.18,Delivered
710,1190,DHL,VA90392202,2025-06-04,2025-06-09,13.83,7.85,Delivered
711,1192,USPS,FE98014264,2025-03-01,2025-03-03,17.34,12.63,Delivered
712,1193,DHL,NZ06801770,2025-03-27,2025-04-01,2.14,49.52,Delivered
713,1194,FedEx,SL16370500,2026-01-12,2026-01-16,4.49,13.08,Delivered
714,1195,DHL,YK33267244,2025-06-07,2025-06-08,5.2,46.16,Delivered
715,1198,UPS,PJ31729476,2025-08-21,2025-08-22,12.9,44.82,Delivered
716,1202,UPS,DK08390654,2025-03-30,2025-03-31,18.48,31.75,Returned
717,1204,UPS,VM59985193,2026-01-23,2026-01-30,15.84,28.23,Returned
718,1209,USPS,KK32727281,2025-06-03,2025-06-04,13.81,28.43,Delivered
719,1210,USPS,DI16350496,2025-09-20,2025-09-27,16.36,13.17,Delivered
720,1212,DHL,JP66765272,2025-12-26,2025-12-29,1.87,30.4,Delivered
721,1214,DHL,XB45397499,2025-11-02,2025-11-05,8.6,19.4,Delivered
722,1215,USPS,VF70886406,2025-09-10,2025-09-17,11.17,10.72,Delivered
723,1218,DPD,KK56020801,2025-10-01,2025-10-07,0.53,15.94,Returned
724,1219,FedEx,NC90221543,2025-11-05,2025-11-12,4.76,5.12,Returned
725,1220,FedEx,KW44890932,2025-12-21,2025-12-23,4.03,16.86,Returned
726,1221,USPS,EC33320235,2025-12-09,2025-12-15,4.59,9.32,Delivered
727,1223,FedEx,VS25550193,2025-12-23,2025-12-29,7.4,38.56,Delivered
728,1226,USPS,SS50369888,2026-02-09,2026-02-16,3.16,5.97,Delivered
729,1228,USPS,ZK39333243,2026-02-20,2026-02-24,0.25,20.6,Delivered
730,1229,USPS,VV96208059,2026-03-01,2026-03-03,2.26,38.93,Returned
731,1231,FedEx,LD83124412,2025-10-03,2025-10-04,8.36,23.43,Delivered
732,1233,DPD,ID75965999,2025-06-03,2025-06-06,14.3,44.54,Delivered
733,1236,DPD,DT12376317,2026-01-07,2026-01-12,19.69,44.66,Returned
734,1238,DPD,MX95421062,2026-02-13,2026-02-20,10.7,29.66,Delivered
735,1240,FedEx,LI41937591,2025-04-28,2025-05-02,12.26,40.35,Delivered
736,1242,UPS,OU26713175,2025-09-16,2025-09-19,12.16,46.53,Returned
737,1243,USPS,OZ62647528,2025-07-10,2025-07-12,5.98,39.31,Delivered
738,1244,DPD,CZ46120961,2025-11-29,2025-11-30,2.4,35.64,Delivered
739,1245,DPD,UI30099284,2025-07-31,2025-08-02,19.0,8.32,Delivered
740,1247,DPD,VW40321153,2025-04-01,2025-04-05,14.28,41.39,Returned
741,1248,FedEx,OG05143219,2025-04-28,2025-05-03,10.83,13.89,Delivered
742,1249,DHL,OI43087797,2025-08-24,2025-08-26,10.22,31.52,Delivered
743,1250,DPD,FG47925422,2026-02-02,2026-02-04,11.09,18.94,Delivered
744,1251,UPS,VA83458192,2025-03-28,2025-03-29,5.3,28.8,Delivered
745,1253,USPS,KM48770676,2026-01-20,2026-01-21,9.86,42.38,Delivered
746,1254,FedEx,GW33299865,2025-08-07,2025-08-14,14.01,7.2,Delivered
747,1255,USPS,RD90257846,2025-12-24,2025-12-29,1.52,36.88,Delivered
748,1256,UPS,KX85858838,2025-04-29,2025-04-30,9.27,35.02,Delivered
749,1257,DHL,RZ56726208,2025-08-22,2025-08-23,15.33,39.66,Returned
750,1259,DHL,VX72925435,2026-02-06,2026-02-13,1.76,10.75,Returned
751,1260,DHL,WA19628222,2025-04-16,2025-04-17,13.79,25.6,Delivered
752,1261,DPD,LJ18256247,2025-05-25,2025-05-29,12.99,5.69,Delivered
753,1262,FedEx,YK63942012,2026-01-19,2026-01-20,19.77,17.7,Returned
754,1263,DPD,AY34149929,2025-08-27,2025-09-03,12.95,38.37,Delivered
755,1265,DHL,AZ09662702,2025-10-03,2025-10-05,10.96,9.95,Delivered
756,1266,USPS,LE04509563,2025-07-30,2025-08-04,5.81,27.54,Returned
757,1269,FedEx,VW74003910,2025-10-09,2025-10-11,16.5,16.58,Delivered
758,1274,DHL,LI19335389,2025-04-03,2025-04-10,6.35,25.04,Delivered
759,1275,USPS,AS24711936,2025-04-03,2025-04-07,0.62,31.16,Returned
760,1276,UPS,UZ06082770,2025-12-16,2025-12-22,17.73,20.76,Delivered
761,1277,UPS,ZS46160762,2025-03-05,2025-03-06,14.51,15.93,Delivered
762,1278,USPS,DL38500953,2025-09-14,2025-09-18,11.3,14.08,Delivered
763,1279,UPS,RH34617623,2025-08-28,2025-09-04,10.28,49.56,Returned
764,1281,DHL,TF33610944,2026-02-20,2026-02-26,7.39,41.61,Returned
765,1282,DHL,SH64231654,2025-12-24,2025-12-28,11.1,4.85,Delivered
766,1285,USPS,EA37277685,2025-03-03,2025-03-04,4.24,22.28,Delivered
767,1287,USPS,CR06349429,2025-04-21,2025-04-26,12.4,39.97,Delivered
768,1290,DPD,CB61755188,2025-11-05,2025-11-12,15.59,47.8,Delivered
769,1293,FedEx,SL17999324,2025-09-29,2025-10-01,1.38,15.59,Delivered
770,1294,USPS,XR02483744,2025-03-14,2025-03-15,5.13,27.84,Delivered
771,1295,DHL,YM17234565,2026-01-24,2026-01-29,5.31,37.46,Delivered
772,1296,USPS,WS86947902,2025-06-29,2025-07-04,10.02,46.75,Delivered
773,1297,USPS,CR85362689,2025-03-18,2025-03-20,14.39,11.82,Delivered
774,1298,UPS,AM72386410,2025-09-29,2025-10-03,4.92,34.63,Delivered
775,1299,USPS,FZ53855742,2026-02-25,2026-03-03,12.42,16.87,Returned
776,1300,DPD,XO43599009,2025-10-11,2025-10-16,12.94,34.35,Delivered
777,1301,UPS,PO78146047,2025-12-27,2025-12-31,3.26,14.41,Delivered
778,1302,FedEx,RN61437884,2025-05-12,2025-05-19,7.43,37.09,Delivered
779,1303,FedEx,AQ70661875,2025-05-05,2025-05-09,2.17,48.16,Delivered
780,1304,USPS,XQ67263681,2025-07-23,2025-07-24,17.48,41.64,Delivered
781,1308,USPS,DJ41858990,2025-10-13,2025-10-19,3.22,47.47,Delivered
782,1309,UPS,VC77291084,2025-09-10,2025-09-17,17.34,4.99,Delivered
783,1310,FedEx,WB78604356,2026-01-01,2026-01-08,14.45,20.35,Delivered
784,1311,FedEx,LG05033746,2025-06-16,2025-06-22,5.95,48.08,Returned
785,1312,DHL,ZE33067730,2025-03-23,2025-03-29,9.45,17.46,Delivered
786,1314,UPS,KP18222667,2025-06-05,2025-06-12,10.31,48.12,Delivered
787,1315,DHL,BV41908788,2025-10-25,2025-10-30,15.46,37.35,Delivered
788,1316,DPD,KA38590673,2025-11-13,2025-11-15,13.98,27.38,Delivered
789,1317,FedEx,BV34289876,2025-04-06,2025-04-09,9.37,42.09,Delivered
790,1318,UPS,SD55049221,2025-10-07,2025-10-13,0.85,35.28,Delivered
791,1323,UPS,BA04861867,2025-11-09,2025-11-16,4.85,46.07,Delivered
792,1326,UPS,RA63201629,2025-09-03,2025-09-10,3.97,27.73,Returned
793,1332,DHL,RK73992891,2026-02-27,2026-03-02,7.95,13.43,Delivered
794,1333,DHL,XN82718265,2025-06-22,2025-06-29,1.89,36.43,Delivered
795,1339,USPS,NQ37170864,2025-10-04,2025-10-09,14.45,40.01,Delivered
796,1340,DPD,IR26942039,2025-04-16,2025-04-17,19.51,14.33,Delivered
797,1341,FedEx,SW31354901,2025-04-08,2025-04-14,9.9,9.33,Delivered
798,1342,DHL,EN99670692,2025-08-13,2025-08-15,17.66,43.18,Delivered
799,1343,DPD,HK58730549,2025-04-23,2025-04-24,15.25,26.34,Returned
800,1344,DHL,YS43884302,2025-03-28,2025-04-01,9.29,26.53,Delivered
801,1346,DPD,YO17816780,2025-11-09,2025-11-16,14.43,27.65,Delivered
802,1347,FedEx,GY64315890,2025-09-28,2025-09-29,4.25,4.25,Returned
803,1349,DHL,CX49281503,2025-08-06,2025-08-11,6.76,22.51,Delivered
804,1351,DPD,CC01709264,2025-10-25,2025-10-27,10.53,3.62,Delivered
805,1352,USPS,DK03088081,2026-02-10,2026-02-13,12.77,26.38,Delivered
806,1356,DPD,PX62829682,2025-05-17,2025-05-24,2.48,37.06,Delivered
807,1357,DPD,HG44850072,2025-08-23,2025-08-24,13.63,21.41,Returned
808,1358,UPS,AI95927411,2025-03-16,2025-03-23,2.77,5.72,Returned
809,1359,DHL,ZE06919612,2025-04-28,2025-05-03,16.19,43.93,Returned
810,1362,DHL,BP66208082,2025-03-15,2025-03-18,10.83,13.61,Delivered
811,1363,USPS,RR91702634,2026-01-09,2026-01-14,6.92,4.24,Delivered
812,1364,USPS,RF35962458,2025-06-01,2025-06-08,3.97,41.3,Returned
813,1365,DPD,QX01204242,2025-05-08,2025-05-10,12.08,9.95,Delivered
814,1366,UPS,DX36909123,2025-08-30,2025-09-03,6.77,22.66,Delivered
815,1367,DHL,TD30284976,2025-10-26,2025-10-29,13.94,43.29,Delivered
816,1369,DPD,YU39670243,2025-11-16,2025-11-18,10.77,47.21,Returned
817,1373,UPS,GW24055364,2026-02-16,2026-02-23,12.65,39.57,Delivered
818,1375,USPS,SR18754036,2025-06-25,2025-06-27,18.72,23.15,Delivered
819,1376,DHL,PH88215977,2026-01-29,2026-02-03,2.42,9.05,Delivered
820,1378,FedEx,BC54662323,2025-11-11,2025-11-12,17.51,5.6,Delivered
821,1379,USPS,LE66799864,2025-03-03,2025-03-06,8.02,31.55,Delivered
822,1381,FedEx,VD25949722,2026-02-12,2026-02-16,13.73,6.42,Delivered
823,1382,FedEx,KN42986226,2025-07-31,2025-08-01,15.38,14.94,Delivered
824,1385,DHL,LA20666179,2025-04-25,2025-04-28,16.37,26.93,Delivered
825,1386,DPD,LV23569992,2026-01-18,2026-01-22,2.26,32.44,Returned
826,1388,DPD,JG98335876,2025-10-10,2025-10-14,12.92,9.7,Delivered
827,1389,UPS,TH77792560,2026-02-14,2026-02-19,5.88,48.27,Returned
828,1391,UPS,PG34820849,2025-11-18,2025-11-20,17.94,3.23,Returned
829,1393,FedEx,IZ53983912,2025-12-11,2025-12-15,6.92,14.16,Delivered
830,1394,DPD,ZJ00014407,2025-10-21,2025-10-27,2.82,5.17,Returned
831,1395,UPS,NT91430491,2025-11-16,2025-11-22,12.33,8.83,Delivered
832,1397,UPS,OI10389752,2025-07-14,2025-07-20,9.09,35.62,Returned
833,1399,DHL,QY72099865,2025-08-27,2025-09-03,10.2,49.68,Returned
834,1400,DHL,DH42240592,2025-12-30,2026-01-05,16.09,16.43,Returned
835,1401,USPS,BM23530976,2025-08-31,2025-09-01,19.84,30.4,Delivered
836,1402,DPD,XI19489629,2025-05-17,2025-05-21,14.15,32.32,Returned
837,1403,DPD,QX05682017,2025-07-02,2025-07-09,11.5,20.67,Delivered
838,1405,DPD,BK30796618,2025-11-26,2025-12-03,12.87,38.7,Delivered
839,1410,DPD,FQ57240434,2025-10-13,2025-10-14,5.98,28.16,Delivered
840,1411,USPS,UZ12531379,2025-10-12,2025-10-17,12.77,29.73,Delivered
841,1415,DPD,EF10077732,2025-08-14,2025-08-17,2.15,4.0,Returned
842,1417,DPD,JS50361920,2025-09-20,2025-09-23,12.41,48.82,Returned
843,1419,FedEx,EM59991938,2025-12-02,2025-12-04,2.26,42.44,Delivered
844,1421,FedEx,RC37034244,2025-06-30,2025-07-03,15.55,23.2,Delivered
845,1422,DHL,CV48904760,2025-07-31,2025-08-05,8.22,35.88,Delivered
846,1423,FedEx,AU86235107,2025-10-19,2025-10-23,8.02,8.53,Returned
847,1424,USPS,ES19170851,2025-12-17,2025-12-18,3.56,13.15,Delivered
848,1425,FedEx,YM32895145,2025-08-24,2025-08-30,10.45,13.36,Returned
849,1426,FedEx,WW40918580,2026-01-19,2026-01-22,17.98,27.45,Delivered
850,1427,DHL,ZQ81157449,2026-02-07,2026-02-14,16.74,49.1,Delivered
851,1430,USPS,AD53916077,2025-05-23,2025-05-26,17.76,8.54,Delivered
852,1434,DPD,HI40930454,2025-06-18,2025-06-24,12.24,19.04,Returned
853,1437,FedEx,ZI40398221,2025-05-26,2025-06-02,8.18,38.87,Delivered
854,1438,FedEx,GX03966203,2026-01-29,2026-02-04,8.74,15.5,Delivered
855,1441,DPD,AJ88640788,2025-09-14,2025-09-18,7.63,22.13,Delivered
856,1442,FedEx,SB65295164,2025-03-14,2025-03-21,0.4,25.65,Delivered
857,1443,FedEx,DM93335623,2026-02-14,2026-02-15,15.35,40.94,Delivered
858,1444,UPS,WX97440880,2025-08-13,2025-08-18,19.61,38.27,Delivered
859,1448,FedEx,MK67089870,2025-12-20,2025-12-27,15.57,21.74,Delivered
860,1450,DPD,FF01991843,2025-12-24,2025-12-26,15.95,17.6,Returned
861,1451,DHL,RJ32661158,2025-09-20,2025-09-23,17.11,42.13,Delivered
862,1453,FedEx,QH58052632,2025-08-31,2025-09-04,0.12,34.38,Delivered
863,1455,DPD,BU19604722,2025-12-19,2025-12-23,7.87,44.61,Delivered
864,1456,DHL,TR39707745,2025-10-20,2025-10-21,16.69,38.87,Delivered
865,1457,DHL,WE47082317,2025-06-24,2025-06-26,1.72,12.09,Returned
866,1459,DHL,RA46199539,2025-03-22,2025-03-25,1.05,6.11,Delivered
867,1460,DPD,SW76626235,2026-02-28,2026-03-01,13.0,6.76,Returned
868,1461,UPS,EV96053026,2025-05-21,2025-05-22,1.18,22.17,Delivered
869,1463,DPD,AN84025787,2025-06-14,2025-06-21,4.0,30.38,Delivered
870,1464,USPS,CZ68605063,2025-04-14,2025-04-20,12.58,5.36,Returned
871,1465,UPS,PF63605028,2025-05-26,2025-05-28,5.48,45.1,Delivered
872,1466,DPD,NL64098910,2026-02-28,2026-03-04,5.7,10.63,Delivered
873,1467,USPS,XI09120302,2025-09-24,2025-09-26,15.28,22.35,Returned
874,1468,FedEx,KD09452375,2025-06-29,2025-07-04,6.96,29.11,Delivered
875,1470,USPS,DN95319260,2025-05-12,2025-05-18,14.53,41.82,Delivered
876,1471,FedEx,QU86027574,2025-11-08,2025-11-09,11.35,46.83,Delivered
877,1472,UPS,MS44920548,2025-03-29,2025-04-05,0.55,47.02,Delivered
878,1476,DHL,OJ45381180,2025-04-20,2025-04-23,19.41,12.33,Returned
879,1477,DHL,SS18965583,2025-12-02,2025-12-04,18.75,47.85,Returned
880,1478,FedEx,HF56622952,2025-06-04,2025-06-07,4.13,46.04,Returned
881,1479,USPS,ZA97056603,2025-10-29,2025-10-30,10.94,6.72,Delivered
882,1480,FedEx,AS16248607,2025-10-31,2025-11-02,13.59,6.69,Delivered
883,1482,USPS,ZE72660235,2026-01-26,2026-01-27,2.34,38.27,Returned
884,1484,DPD,EC58501530,2025-04-29,2025-05-06,19.59,17.93,Delivered
885,1485,DPD,WH31671560,2025-04-07,2025-04-11,11.51,19.21,Delivered
886,1486,FedEx,EN79052244,2026-02-04,2026-02-06,9.01,44.9,Delivered
887,1488,UPS,TY39547940,2025-09-18,2025-09-21,5.37,5.31,Delivered
888,1489,DPD,UU45315790,2025-09-17,2025-09-24,6.53,9.62,Returned
889,1491,DPD,BV71918986,2026-02-25,2026-02-28,0.96,41.42,Delivered
890,1494,UPS,JP46936561,2025-03-04,2025-03-07,19.9,14.12,Delivered
891,1495,UPS,JA35974876,2025-05-27,2025-06-02,16.66,21.72,Returned
892,1497,FedEx,IQ57023771,2025-12-19,2025-12-20,18.11,37.82,Delivered
893,1498,DPD,XB30192209,2026-02-11,2026-02-17,3.49,11.77,Delivered
894,1499,FedEx,YR73332973,2026-02-16,2026-02-23,12.82,44.27,Returned
895,1500,FedEx,JI23964402,2025-04-14,2025-04-19,2.14,12.09,Delivered
896,1503,FedEx,PL53267699,2025-12-09,2025-12-13,11.49,18.99,Delivered
897,1504,DPD,UI42773923,2025-12-13,2025-12-20,8.81,38.62,Delivered
898,1505,DPD,GQ52023209,2025-08-18,2025-08-25,4.94,8.4,Delivered
899,1507,DPD,RS01693328,2025-11-03,2025-11-05,13.66,17.97,Delivered
900,1510,FedEx,JM23471998,2025-12-13,2025-12-16,11.49,24.13,Delivered
901,1511,DPD,IY07551545,2025-07-07,2025-07-11,10.94,32.92,Delivered
902,1513,DHL,MJ07569991,2025-05-11,2025-05-17,9.13,35.91,Delivered
903,1514,USPS,RJ31006433,2026-02-11,2026-02-18,4.8,22.04,Delivered
904,1516,DHL,NN26227777,2026-01-28,2026-02-04,7.37,3.11,Returned
905,1517,DHL,BZ16806647,2025-10-17,2025-10-19,13.21,11.03,Delivered
906,1518,UPS,ZC70385036,2026-02-18,2026-02-24,6.63,10.48,Delivered
907,1522,UPS,OS59529842,2025-07-06,2025-07-12,0.4,18.75,Delivered
908,1523,UPS,BR10740274,2025-09-10,2025-09-11,8.16,10.07,Delivered
909,1524,FedEx,IX67582676,2025-11-07,2025-11-12,1.55,29.82,Delivered
910,1525,USPS,MZ90620036,2025-05-12,2025-05-17,19.38,38.48,Delivered
911,1528,DPD,CR85646149,2025-07-06,2025-07-11,10.73,35.05,Returned
912,1529,DPD,LS59793183,2025-07-03,2025-07-07,12.22,16.57,Delivered
913,1530,DHL,MT97984914,2025-07-24,2025-07-31,19.07,8.96,Delivered
914,1532,UPS,SM86099550,2025-04-06,2025-04-13,15.99,47.72,Delivered
915,1533,DPD,VO32664322,2025-09-04,2025-09-10,8.72,36.8,Delivered
916,1537,UPS,LT94612128,2025-10-21,2025-10-26,13.0,17.01,Delivered
917,1540,DPD,OQ81159485,2025-03-28,2025-03-31,10.29,32.59,Delivered
918,1541,UPS,ML00127622,2026-02-26,2026-03-01,9.09,28.65,Delivered
919,1542,DHL,TD84742256,2025-05-24,2025-05-31,13.94,23.75,Delivered
920,1544,FedEx,NC87188822,2026-01-30,2026-02-01,17.91,21.88,Delivered
921,1547,FedEx,YH88705841,2025-07-22,2025-07-26,10.83,48.69,Delivered
922,1549,DPD,TD06134956,2025-05-12,2025-05-13,9.09,20.88,Delivered
923,1550,DHL,BR99846058,2025-03-15,2025-03-20,14.42,34.19,Delivered
924,1552,DPD,AN79496383,2025-03-04,2025-03-08,10.69,21.07,Delivered
925,1553,DPD,KJ72361080,2025-07-09,2025-07-16,11.53,23.51,Delivered
926,1554,FedEx,UW61662016,2026-02-27,2026-03-05,16.76,9.09,Delivered
927,1555,FedEx,ZU57864578,2026-02-08,2026-02-13,9.93,38.24,Delivered
928,1556,DPD,BR55751247,2025-10-27,2025-10-30,0.11,33.25,Delivered
929,1558,DHL,YZ00068758,2026-01-01,2026-01-04,13.94,44.5,Returned
930,1559,USPS,YW68240516,2026-02-19,2026-02-26,7.68,32.12,Returned
931,1560,DHL,EX45122444,2026-01-12,2026-01-17,0.71,8.87,Returned
932,1561,FedEx,MH89974023,2025-04-02,2025-04-07,15.59,19.1,Returned
933,1564,UPS,CU68608357,2025-09-23,2025-09-26,3.73,27.61,Delivered
934,1565,USPS,TZ17036309,2025-04-14,2025-04-19,4.0,19.59,Delivered
935,1567,FedEx,ZS42386020,2025-08-31,2025-09-03,12.8,32.8,Delivered
936,1568,DPD,XR50898309,2026-02-28,2026-03-06,14.81,42.8,Delivered
937,1569,FedEx,ME13490961,2025-11-23,2025-11-30,17.34,12.14,Delivered
938,1573,UPS,JR97972452,2026-01-03,2026-01-04,8.16,15.25,Delivered
939,1575,DPD,TU13569480,2025-06-24,2025-06-26,15.25,36.95,Returned
940,1578,UPS,AK07356748,2026-01-11,2026-01-13,7.84,48.53,Returned
941,1579,DPD,OW57394059,2025-03-21,2025-03-25,4.51,35.65,Delivered
942,1580,DPD,RJ80260294,2025-06-19,2025-06-24,15.66,20.39,Returned
943,1581,DPD,HR03158925,2026-02-16,2026-02-23,2.21,36.4,Returned
944,1583,DHL,GK90734203,2025-06-04,2025-06-07,19.04,26.01,Returned
945,1584,DPD,NX77748675,2025-07-18,2025-07-22,6.56,31.66,Delivered
946,1586,UPS,MA14186482,2025-07-05,2025-07-12,16.51,13.54,Delivered
947,1587,DPD,ZR88295868,2025-07-29,2025-08-01,2.49,34.75,Delivered
948,1588,DPD,BV19623326,2025-03-31,2025-04-07,1.58,42.12,Delivered
949,1589,USPS,ES58694276,2025-09-13,2025-09-18,3.38,12.36,Delivered
950,1590,FedEx,LL83173066,2025-03-29,2025-04-03,5.46,4.77,Returned
951,1591,USPS,GJ31518178,2025-06-22,2025-06-24,6.22,18.29,Returned
952,1592,UPS,NJ42655946,2025-06-20,2025-06-21,16.57,12.51,Delivered
953,1594,FedEx,OP90623272,2026-02-23,2026-03-01,7.39,44.65,Delivered
954,1597,DPD,KO71798902,2026-01-15,2026-01-19,2.04,40.54,Delivered
955,1599,UPS,OO79006548,2025-10-09,2025-10-16,1.01,48.11,Returned
956,1600,FedEx,TQ70847795,2026-01-07,2026-01-14,13.97,33.24,Delivered
957,1601,DHL,HE17675539,2025-07-10,2025-07-13,0.8,19.63,Returned
958,1603,DPD,EW88907378,2025-06-07,2025-06-11,10.63,49.89,Delivered
959,1604,USPS,TX91579089,2025-07-04,2025-07-09,11.27,31.44,Delivered
960,1606,USPS,QJ89626838,2025-05-06,2025-05-13,0.23,19.97,Delivered
961,1607,DPD,RE87638020,2025-05-17,2025-05-24,10.58,43.25,Delivered
962,1611,FedEx,HO61239612,2026-01-03,2026-01-07,17.81,46.95,Delivered
963,1615,USPS,KP90518812,2025-12-26,2026-01-02,8.38,47.91,Returned
964,1617,USPS,AZ88618207,2025-10-01,2025-10-06,15.87,24.14,Delivered
965,1622,UPS,OE69010792,2026-01-24,2026-01-27,17.27,9.5,Delivered
966,1625,UPS,OR29826893,2026-02-01,2026-02-06,19.66,44.98,Delivered
967,1626,UPS,CA86497035,2025-08-02,2025-08-07,14.68,22.83,Delivered
968,1627,UPS,MV75789683,2025-10-28,2025-11-04,15.77,42.55,Delivered
969,1628,DPD,ZQ57077312,2025-06-08,2025-06-10,2.67,48.03,Delivered
970,1630,USPS,RC31555057,2025-03-25,2025-03-26,19.71,4.19,Delivered
971,1631,DHL,HR52187993,2026-02-10,2026-02-11,3.2,17.42,Delivered
972,1633,FedEx,GE44045883,2025-04-09,2025-04-14,1.55,14.11,Delivered
973,1634,UPS,PY41470123,2025-08-21,2025-08-28,17.38,6.25,Returned
974,1636,UPS,OW50368715,2025-07-10,2025-07-13,9.66,27.52,Returned
975,1637,FedEx,NC68910977,2025-09-17,2025-09-22,13.67,16.34,Delivered
976,1638,DPD,GS80234456,2025-06-06,2025-06-13,10.54,21.0,Delivered
977,1639,USPS,UB46794036,2025-10-06,2025-10-11,2.97,48.27,Delivered
978,1640,USPS,EN40163295,2025-09-22,2025-09-26,17.99,40.07,Returned
979,1641,USPS,CT78315975,2025-12-17,2025-12-23,3.08,3.3,Delivered
980,1644,DPD,JX29273186,2025-10-25,2025-11-01,19.7,36.07,Returned
981,1646,FedEx,TQ30291585,2026-01-13,2026-01-16,19.0,6.27,Delivered
982,1647,FedEx,VX42332416,2025-10-17,2025-10-24,14.18,40.96,Delivered
983,1648,FedEx,ZY18548396,2025-03-06,2025-03-12,3.89,5.96,Delivered
984,1649,FedEx,YL07344674,2025-05-19,2025-05-24,17.59,33.32,Delivered
985,1650,DHL,RV15958417,2025-11-16,2025-11-21,1.27,37.7,Delivered
986,1653,FedEx,KK91617050,2026-01-10,2026-01-15,8.37,26.01,Returned
987,1654,DPD,GO18169814,2025-09-03,2025-09-09,9.32,4.14,Delivered
988,1656,USPS,NS44760948,2025-03-02,2025-03-09,8.14,36.19,Delivered
989,1657,FedEx,ZS77402928,2025-09-10,2025-09-12,18.01,25.56,Returned
990,1659,UPS,UP33026509,2025-12-17,2025-12-20,11.28,15.48,Returned
991,1661,FedEx,CD96218366,2025-05-08,2025-05-12,17.27,47.28,Delivered
992,1662,DPD,IU19666610,2025-09-18,2025-09-20,1.9,41.38,Delivered
993,1666,DPD,RS63420222,2025-05-12,2025-05-16,4.9,7.81,Returned
994,1667,FedEx,UC34998013,2025-09-09,2025-09-14,14.39,48.14,Delivered
995,1670,DHL,GE68367590,2025-10-05,2025-10-07,9.2,13.11,Returned
996,1671,FedEx,HR79152446,2026-01-30,2026-02-06,18.52,33.8,Delivered
997,1673,DHL,DT40923351,2025-05-31,2025-06-07,6.58,11.11,Returned
998,1675,DPD,JY65642601,2025-04-18,2025-04-23,4.36,22.36,Returned
999,1678,USPS,YW37263199,2025-08-30,2025-08-31,16.01,33.89,Returned
1000,1679,UPS,FR56955922,2026-02-24,2026-02-25,4.8,28.88,Delivered
1001,1681,UPS,NY76414900,2025-05-09,2025-05-11,13.1,36.02,Delivered
1002,1682,DPD,YR85025513,2025-06-01,2025-06-08,17.13,28.39,Delivered
1003,1684,UPS,IO44867228,2025-05-08,2025-05-13,5.41,8.74,Delivered
1004,1685,USPS,XR90473314,2025-10-23,2025-10-29,4.46,40.99,Returned
1005,1687,DHL,WF61574932,2025-11-02,2025-11-04,11.46,15.27,Returned
1006,1688,USPS,UN14978879,2025-04-19,2025-04-24,12.26,37.08,Delivered
1007,1692,DPD,PC12040954,2025-11-23,2025-11-27,16.51,43.45,Returned
1008,1693,FedEx,ZX76618308,2025-11-08,2025-11-09,11.46,23.69,Returned
1009,1695,UPS,TN80018731,2025-05-19,2025-05-20,5.01,45.35,Returned
1010,1696,DPD,EI91511436,2026-02-17,2026-02-24,18.22,36.78,Returned
1011,1697,UPS,DG62107818,2025-09-27,2025-10-01,2.85,47.71,Returned
1012,1700,FedEx,VW09685642,2026-01-01,2026-01-03,3.07,41.18,Returned
1013,1701,UPS,QM70680269,2025-03-05,2025-03-07,8.0,40.16,Delivered
1014,1703,FedEx,CD31542306,2025-05-14,2025-05-19,3.55,44.52,Delivered
1015,1706,DPD,SB23028655,2025-12-14,2025-12-21,9.83,41.11,Delivered
1016,1708,DPD,BZ52241142,2025-06-29,2025-07-04,10.17,29.74,Returned
1017,1709,FedEx,VL67015145,2025-07-30,2025-08-05,13.9,36.94,Delivered
1018,1710,DPD,VH92016633,2025-10-29,2025-11-04,7.21,14.13,Returned
1019,1711,DHL,OL22224005,2025-11-07,2025-11-11,15.99,46.36,Delivered
1020,1712,DHL,GQ22205620,2025-08-09,2025-08-11,5.63,17.2,Returned
1021,1713,DHL,NO90113484,2025-05-15,2025-05-21,16.31,43.19,Delivered
1022,1714,DHL,YH91332528,2025-10-22,2025-10-25,9.26,19.3,Delivered
1023,1715,DPD,VI32394564,2025-05-15,2025-05-17,17.98,43.78,Delivered
1024,1717,FedEx,CB34286449,2026-01-12,2026-01-19,12.89,10.87,Returned
1025,1718,UPS,RL02498663,2026-01-12,2026-01-18,13.31,7.35,Delivered
1026,1720,UPS,RQ09536773,2025-08-27,2025-08-31,13.11,37.54,Delivered
1027,1721,DPD,ZX98529735,2026-02-11,2026-02-12,16.48,45.85,Returned
1028,1722,USPS,ER15266559,2025-08-11,2025-08-15,1.74,35.28,Returned
1029,1723,DPD,AA76253809,2025-06-03,2025-06-04,19.35,9.82,Delivered
1030,1725,FedEx,LS41475336,2025-04-27,2025-05-03,14.66,8.43,Delivered
1031,1729,USPS,QO52474665,2025-09-08,2025-09-09,8.26,38.38,Delivered
1032,1730,DHL,VV53896298,2025-05-14,2025-05-15,12.16,38.06,Delivered
1033,1731,DHL,TG32436792,2025-04-09,2025-04-10,7.71,7.91,Delivered
1034,1732,DHL,OU57127638,2025-06-14,2025-06-15,12.39,4.5,Returned
1035,1733,UPS,PQ43468586,2025-06-12,2025-06-18,13.27,46.5,Delivered
1036,1735,FedEx,KE90616824,2025-12-09,2025-12-11,18.52,38.1,Returned
1037,1736,UPS,WO93998161,2025-08-21,2025-08-22,11.48,23.28,Returned
1038,1739,DPD,BP81168371,2025-08-15,2025-08-17,0.37,11.41,Delivered
1039,1740,DPD,SK07372607,2025-06-20,2025-06-27,2.16,38.92,Delivered
1040,1741,DHL,TB01489678,2025-05-23,2025-05-25,1.89,4.07,Delivered
1041,1742,USPS,HS82649312,2025-05-16,2025-05-22,12.54,9.61,Delivered
1042,1744,DHL,PR63947625,2026-01-03,2026-01-10,11.57,18.35,Returned
1043,1747,DPD,MM29264563,2025-08-23,2025-08-25,5.81,9.05,Returned
1044,1748,UPS,ZK17299403,2025-08-11,2025-08-13,19.89,19.45,Returned
1045,1749,DHL,KD48112664,2025-04-20,2025-04-27,16.23,37.59,Delivered
1046,1750,FedEx,NV19670683,2025-12-10,2025-12-17,14.34,29.74,Delivered
1047,1752,DPD,WY39101612,2025-07-20,2025-07-22,9.98,3.8,Delivered
1048,1755,USPS,UL90163994,2025-10-20,2025-10-22,2.46,15.95,Returned
1049,1757,DPD,EQ01333443,2025-06-08,2025-06-11,6.6,20.23,Returned
1050,1758,FedEx,KI67348140,2025-07-15,2025-07-22,4.32,4.27,Returned
1051,1760,FedEx,CE41016793,2025-04-05,2025-04-11,0.61,49.53,Delivered
1052,1761,DHL,PT48116049,2026-01-09,2026-01-13,7.3,10.61,Delivered
1053,1765,USPS,HJ91004202,2025-03-24,2025-03-29,5.63,10.82,Returned
1054,1766,USPS,MC66168019,2026-02-17,2026-02-18,14.4,48.31,Returned
1055,1767,DPD,TJ34213485,2025-04-11,2025-04-15,0.55,13.73,Delivered
1056,1768,UPS,DS42035316,2026-01-23,2026-01-30,10.67,47.42,Returned
1057,1770,UPS,YD79179138,2025-05-28,2025-05-31,5.3,43.61,Delivered
1058,1774,UPS,IY15711713,2025-09-26,2025-09-28,0.74,5.76,Delivered
1059,1778,UPS,KH19402470,2026-02-20,2026-02-25,18.17,22.06,Returned
1060,1779,USPS,OT81411287,2025-03-04,2025-03-09,7.43,44.97,Delivered
1061,1782,DHL,GX52719367,2025-11-09,2025-11-14,7.48,30.74,Returned
1062,1784,UPS,JY76463913,2025-09-25,2025-09-28,8.56,11.11,Delivered
1063,1786,USPS,YK10749161,2025-05-10,2025-05-13,16.85,9.43,Returned
1064,1787,USPS,ET42321540,2025-04-10,2025-04-14,0.15,5.07,Delivered
1065,1788,DHL,QB31535069,2025-06-20,2025-06-27,15.97,27.17,Delivered
1066,1789,DHL,KU26168455,2025-12-04,2025-12-06,16.14,37.62,Returned
1067,1790,FedEx,FU27410254,2025-06-02,2025-06-07,2.1,21.74,Delivered
1068,1792,FedEx,HW17989948,2025-09-30,2025-10-04,8.53,5.0,Delivered
1069,1793,DHL,DB66948993,2025-10-16,2025-10-21,16.27,34.5,Returned
1070,1795,FedEx,NX51956756,2026-02-17,2026-02-18,11.9,43.82,Delivered
1071,1796,DHL,JY58422717,2025-09-22,2025-09-25,9.32,12.19,Delivered
1072,1797,USPS,AE62565046,2025-07-08,2025-07-12,2.12,5.53,Delivered
1073,1800,DHL,YG00144130,2026-01-20,2026-01-23,19.38,41.21,Delivered
1074,1801,DPD,AO62408710,2025-06-28,2025-07-01,19.08,26.13,Delivered
1075,1803,USPS,II66890417,2025-07-09,2025-07-16,3.58,36.09,Delivered
1076,1804,DPD,HW20762381,2025-12-02,2025-12-03,8.76,19.4,Delivered
1077,1806,UPS,JJ22328222,2025-08-31,2025-09-06,8.99,36.06,Delivered
1078,1809,USPS,MW40847528,2025-11-11,2025-11-14,0.69,8.66,Delivered
1079,1811,FedEx,CU99940041,2026-01-21,2026-01-24,20.0,40.77,Delivered
1080,1816,USPS,TH84791351,2026-02-28,2026-03-05,3.22,41.06,Returned
1081,1817,USPS,KX35053572,2025-03-29,2025-04-01,17.8,23.53,Delivered
1082,1818,UPS,FJ89206415,2025-11-05,2025-11-06,11.74,27.66,Returned
1083,1819,USPS,BE09783028,2026-02-21,2026-02-27,0.48,5.71,Delivered
1084,1820,USPS,EN04194534,2025-08-10,2025-08-14,8.57,17.6,Delivered
1085,1821,DPD,AZ52814478,2025-04-20,2025-04-26,0.6,6.19,Delivered
1086,1822,USPS,RJ74280218,2025-11-25,2025-11-26,11.81,34.33,Returned
1087,1823,DHL,PT93063578,2025-05-18,2025-05-21,0.49,33.79,Delivered
1088,1825,DPD,OQ03789121,2025-06-05,2025-06-07,15.39,28.95,Delivered
1089,1826,UPS,UV97436990,2026-02-03,2026-02-10,11.53,17.81,Delivered
1090,1827,FedEx,SX85575994,2025-07-27,2025-07-30,0.94,31.7,Returned
1091,1831,DPD,BK08429069,2026-01-24,2026-01-25,6.02,42.02,Delivered
1092,1832,DPD,AY04528986,2025-04-06,2025-04-10,10.63,26.16,Returned
1093,1833,DHL,CW10656733,2026-02-02,2026-02-08,4.05,30.74,Delivered
1094,1835,USPS,CA45701652,2025-04-03,2025-04-10,7.71,29.16,Returned
1095,1836,USPS,DI13681498,2025-06-01,2025-06-02,18.17,47.91,Delivered
1096,1837,USPS,NN53084376,2025-10-05,2025-10-07,5.8,5.31,Returned
1097,1842,UPS,LU29644477,2025-06-12,2025-06-17,5.04,42.05,Delivered
1098,1843,FedEx,NT08423242,2025-05-02,2025-05-06,4.3,35.38,Delivered
1099,1849,DPD,HU80041724,2025-12-20,2025-12-26,11.94,30.39,Returned
1100,1851,USPS,VU55369158,2025-04-05,2025-04-10,16.16,6.15,Delivered
1101,1852,USPS,ZY74906279,2025-09-02,2025-09-04,16.98,47.92,Returned
1102,1855,FedEx,WN02425703,2025-03-01,2025-03-02,9.4,27.23,Delivered
1103,1856,FedEx,OF32959452,2025-11-13,2025-11-20,2.2,22.3,Delivered
1104,1859,DHL,BI58286304,2025-09-20,2025-09-26,12.65,34.04,Returned
1105,1860,DPD,KG96629917,2025-05-01,2025-05-02,18.88,40.56,Delivered
1106,1862,DPD,FA74292204,2026-02-22,2026-02-25,11.47,30.99,Returned
1107,1867,FedEx,ZY78215392,2025-05-28,2025-06-01,17.96,6.92,Returned
1108,1869,DPD,WC93706325,2025-05-07,2025-05-08,10.12,30.62,Delivered
1109,1870,DPD,IX31392804,2025-12-29,2026-01-04,0.71,41.56,Delivered
1110,1871,USPS,DG50220619,2025-05-11,2025-05-16,17.89,17.29,Delivered
1111,1872,DHL,MF93335937,2025-06-16,2025-06-18,9.08,44.37,Delivered
1112,1873,DPD,PV19000029,2025-03-24,2025-03-29,14.78,13.96,Delivered
1113,1875,UPS,SF61622564,2025-10-15,2025-10-20,8.81,3.54,Delivered
1114,1876,DHL,LN18559407,2025-03-12,2025-03-13,5.26,5.2,Delivered
1115,1877,USPS,FY23045323,2025-11-23,2025-11-26,13.37,41.95,Delivered
1116,1879,FedEx,CU77814564,2025-07-13,2025-07-20,7.67,7.0,Delivered
1117,1881,DHL,MR43701945,2025-12-07,2025-12-11,15.32,34.4,Delivered
1118,1882,USPS,VD91177666,2025-12-31,2026-01-05,13.52,30.75,Delivered
1119,1883,USPS,KJ52761209,2025-08-06,2025-08-11,11.24,26.72,Delivered
1120,1884,USPS,DJ15780619,2025-11-09,2025-11-15,11.61,49.96,Delivered
1121,1885,DHL,BY23116787,2026-01-02,2026-01-08,5.42,30.68,Delivered
1122,1887,DHL,RF76353223,2025-07-17,2025-07-23,5.25,40.15,Delivered
1123,1889,DHL,OH18592126,2025-03-16,2025-03-20,7.16,5.07,Delivered
1124,1892,FedEx,SJ48563711,2025-08-04,2025-08-10,3.62,16.35,Delivered
1125,1894,FedEx,VX94300037,2025-04-30,2025-05-05,6.73,20.74,Delivered
1126,1897,USPS,JQ39892313,2025-08-06,2025-08-13,11.66,43.37,Returned
1127,1899,UPS,IE65986693,2025-05-02,2025-05-04,12.84,44.58,Delivered
1128,1901,UPS,VK84178376,2025-11-19,2025-11-25,16.72,20.69,Returned
1129,1902,UPS,XR15382011,2026-01-21,2026-01-23,18.72,23.18,Delivered
1130,1904,DPD,BC06526642,2026-01-25,2026-01-29,6.32,6.04,Delivered
1131,1905,DPD,WO35127245,2025-10-02,2025-10-04,6.83,21.14,Delivered
1132,1906,DPD,AQ37565697,2026-02-16,2026-02-19,15.22,41.8,Returned
1133,1909,DPD,RZ87849622,2025-08-15,2025-08-18,10.98,3.02,Delivered
1134,1911,FedEx,UA94510462,2025-10-07,2025-10-14,5.39,21.81,Delivered
1135,1912,DPD,VH69296568,2025-10-31,2025-11-02,0.92,23.49,Delivered
1136,1913,USPS,MO20627672,2025-05-19,2025-05-23,3.11,49.41,Delivered
1137,1917,DPD,IE50979344,2025-08-13,2025-08-17,11.56,22.97,Delivered
1138,1918,DHL,JY29146502,2025-06-27,2025-07-04,1.87,6.47,Returned
1139,1919,FedEx,FU34778045,2025-10-07,2025-10-12,7.22,38.51,Delivered
1140,1921,FedEx,DB97251840,2025-12-21,2025-12-27,19.97,44.04,Delivered
1141,1922,FedEx,JR33982147,2026-01-02,2026-01-03,4.35,36.83,Delivered
1142,1923,FedEx,UE23372094,2025-05-10,2025-05-13,19.62,5.06,Delivered
1143,1924,DPD,OO67670636,2025-06-18,2025-06-21,10.27,21.83,Delivered
1144,1926,UPS,YJ28630112,2025-08-17,2025-08-19,18.14,16.09,Delivered
1145,1929,FedEx,QX00848426,2025-12-18,2025-12-22,5.32,31.97,Delivered
1146,1932,DHL,BY83336796,2025-11-27,2025-11-30,17.47,35.76,Returned
1147,1934,DPD,YA82896713,2026-01-09,2026-01-10,8.39,42.72,Delivered
1148,1938,USPS,JX54946920,2025-11-18,2025-11-25,17.94,46.77,Delivered
1149,1940,DPD,NX64901324,2025-03-19,2025-03-26,2.62,15.16,Delivered
1150,1941,DPD,VS19350011,2025-05-08,2025-05-13,12.65,28.7,Returned
1151,1944,USPS,NH61758080,2025-05-27,2025-06-03,9.29,28.9,Delivered
1152,1945,DHL,DR89044104,2025-03-18,2025-03-21,8.91,22.44,Returned
1153,1949,FedEx,RN31566851,2025-09-13,2025-09-20,16.81,32.26,Returned
1154,1950,USPS,TD53814837,2025-04-02,2025-04-08,18.95,28.66,Returned
1155,1953,DPD,GZ55803090,2025-06-07,2025-06-13,12.39,46.01,Delivered
1156,1957,DPD,JQ85647177,2025-08-30,2025-09-03,11.04,17.65,Delivered
1157,1959,DPD,MH01902716,2025-04-24,2025-04-28,6.32,44.95,Delivered
1158,1960,UPS,HY83716115,2025-12-14,2025-12-17,11.81,49.01,Returned
1159,1962,DHL,YC68611997,2025-04-01,2025-04-02,12.31,36.95,Delivered
1160,1963,USPS,EC59833261,2025-04-24,2025-04-25,19.89,14.58,Delivered
1161,1964,DHL,WP50583534,2025-08-11,2025-08-17,7.09,6.31,Returned
1162,1965,DHL,IX81956572,2025-08-01,2025-08-05,4.62,31.01,Delivered
1163,1967,USPS,SK35339982,2025-04-02,2025-04-09,4.22,17.78,Returned
1164,1970,FedEx,CE66217758,2025-11-07,2025-11-13,2.09,30.23,Returned
1165,1971,DPD,NA58466879,2026-02-28,2026-03-03,1.21,25.82,Delivered
1166,1972,DPD,LE30285327,2025-07-01,2025-07-02,13.16,29.9,Delivered
1167,1975,DPD,OX66983451,2025-03-10,2025-03-13,19.43,14.76,Delivered
1168,1976,USPS,GP02528546,2025-10-29,2025-11-01,19.97,35.07,Delivered
1169,1977,DPD,IU08730897,2025-03-10,2025-03-17,12.31,23.27,Delivered
1170,1978,UPS,DV07382777,2025-12-24,2025-12-25,15.8,15.32,Delivered
1171,1979,UPS,PG11842527,2025-03-11,2025-03-18,6.36,43.66,Delivered
1172,1981,USPS,JE63090071,2025-12-05,2025-12-12,6.86,44.95,Returned
1173,1982,UPS,NR02423447,2025-12-24,2025-12-28,15.38,48.34,Returned
1174,1983,DPD,HR05777196,2025-10-01,2025-10-08,16.12,4.36,Delivered
1175,1985,UPS,WX99716596,2025-05-09,2025-05-11,5.24,22.01,Delivered
1176,1986,FedEx,UR66764099,2026-02-14,2026-02-21,17.1,11.66,Delivered
1177,1987,UPS,NT68334400,2025-04-07,2025-04-10,1.18,21.64,Returned
1178,1988,DPD,XD52242653,2025-12-13,2025-12-18,7.01,46.49,Delivered
1179,1990,USPS,PN93221914,2025-07-13,2025-07-19,3.29,11.78,Delivered
1180,1991,UPS,DW07054736,2025-12-14,2025-12-16,3.7,38.82,Delivered
1181,1994,USPS,VS15791150,2025-11-21,2025-11-25,13.91,25.28,Returned
1182,1996,UPS,GC10162600,2025-06-25,2025-06-27,12.3,21.34,Returned
1183,2000,FedEx,VM26589347,2025-06-14,2025-06-15,5.69,49.22,Delivered
