cust_id,name,email,country,city,segment,created_at,updated_at
1,Allison Hill,donaldgarcia@example.net,Uganda,New Roberttown,Home Office,2024-05-06,2026-02-27
2,Kristina Baldwin,lrobinson@example.com,Sudan,Port Lindachester,Consumer,2024-11-02,2026-02-27
3,Gabrielle Davis,howardmaurice@example.com,Sri Lanka,Lake Stephenville,Consumer,2026-02-07,2026-02-27
4,Sandra Montgomery,barbara10@example.net,Denmark,Traciebury,Home Office,2025-11-21,2026-02-27
5,Roy Martin,jason41@example.net,North Macedonia,New Jessica,Corporate,2024-06-26,2026-02-27
6,Margaret Hawkins DDS,perezantonio@example.com,Iran,Carlshire,Consumer,2025-11-28,2026-02-27
7,Jennifer Rocha,ithomas@example.org,Samoa,Juliechester,Consumer,2025-12-14,2026-02-27
8,Zachary Hicks,camposmichelle@example.org,Niue,Port Erin,Consumer,2025-05-08,2026-02-27
9,Julie King,frazierdanny@example.net,Sao Tome and Principe,Kaylamouth,Home Office,2024-05-19,2026-02-27
10,Troy Liu,teresa28@example.org,Trinidad and Tobago,Meaganhaven,Consumer,2025-05-17,2026-02-27
11,Kimberly Osborne,georgetracy@example.org,Vanuatu,Natashaport,Home Office,2024-08-20,2026-02-27
12,Angela Dennis,spenceamanda@example.org,Brunei Darussalam,Arroyoburgh,Home Office,2024-09-08,2026-02-27
13,Daniel Ryan,jenniferross@example.net,Pakistan,Samuelhaven,Home Office,2025-01-22,2026-02-27
14,Alex Spencer,adrianzimmerman@example.org,Denmark,North Micheleland,Consumer,2025-03-09,2026-02-27
15,Mr. Nathaniel Khan,esanchez@example.com,Comoros,North Donnastad,Home Office,2025-01-02,2026-02-27
16,Megan Joyce,brownjessica@example.org,Egypt,East Amanda,Corporate,2024-06-09,2026-02-27
17,Shannon Jones,williamsyvette@example.org,Bermuda,East Richard,Consumer,2025-02-13,2026-02-27
18,Carmen Smith,ybaker@example.com,France,Hortonside,Consumer,2025-06-25,2026-02-27
19,Daniel Brown,adkinsbrian@example.net,Lesotho,North Susan,Consumer,2024-04-26,2026-02-27
20,Megan Young,davidashley@example.net,Nepal,New Christophershire,Consumer,2025-04-15,2026-02-27
21,Michael Edwards,randy47@example.com,Vanuatu,North Stephenshire,Consumer,2026-02-24,2026-02-27
22,Derek Mahoney,suarezmike@example.org,Kazakhstan,Cherylhaven,Home Office,2024-03-04,2026-02-27
23,Matthew Mcmillan,josephpreston@example.net,Micronesia,West Juan,Home Office,2024-07-30,2026-02-27
24,Sarah Wagner,rebecca01@example.net,Jamaica,Bradleymouth,Consumer,2025-09-12,2026-02-27
25,Patrick Arnold,hhoffman@example.org,Western Sahara,New Barry,Home Office,2024-11-23,2026-02-27
26,Andrew Diaz,nolanjason@example.org,Papua New Guinea,West Kimberlychester,Consumer,2026-02-07,2026-02-27
27,Cynthia Martin,nicolejohnson@example.net,Uzbekistan,Kimberlychester,Home Office,2025-10-05,2026-02-27
28,Debra Cobb,reyesbenjamin@example.com,Cyprus,Port Samantha,Home Office,2024-11-09,2026-02-27
29,Courtney Keller,emurphy@example.com,Guernsey,Frazierside,Home Office,2024-10-26,2026-02-27
30,Debbie Carpenter,benjamin96@example.com,Saint Lucia,Samuelhaven,Home Office,2024-05-22,2026-02-27
31,Andrew Graham,michaeljones@example.net,Uruguay,Cindyville,Corporate,2025-08-06,2026-02-27
32,Jason Powell,angela36@example.net,Wallis and Futuna,Byrdburgh,Consumer,2025-05-22,2026-02-27
33,April Mitchell,mfloyd@example.net,Gibraltar,Ramosborough,Corporate,2025-03-07,2026-02-27
34,Nancy Hopkins,zachary95@example.org,Svalbard & Jan Mayen Islands,Lake Lance,Home Office,2025-10-08,2026-02-27
35,William Carr,gibsonolivia@example.net,Congo,Snyderbury,Corporate,2024-06-14,2026-02-27
36,Shannon Mcclure,zrobinson@example.net,Maldives,Williamsbury,Consumer,2025-12-28,2026-02-27
37,John Schmidt,stephanie79@example.net,Uganda,Rivasside,Consumer,2025-01-18,2026-02-27
38,Joanna Walton,katie87@example.net,Dominican Republic,Scottport,Home Office,2024-08-17,2026-02-27
39,Angela Hernandez,tbenson@example.org,Bahrain,Russellside,Corporate,2025-02-02,2026-02-27
40,Jean Carrillo,gateskathy@example.com,Lesotho,West Kennethfurt,Corporate,2025-11-12,2026-02-27
41,Paul Payne,tracynelson@example.com,Antarctica (the territory South of 60 deg S),Rogersfurt,Corporate,2025-08-09,2026-02-27
42,Veronica Ferguson,qvargas@example.org,Belize,Taylormouth,Consumer,2024-07-09,2026-02-27
43,Jesse Rogers,aramirez@example.com,Syrian Arab Republic,South Andrewside,Consumer,2024-04-06,2026-02-27
44,Barry Bernard,websterstefanie@example.org,Taiwan,New Elijahberg,Corporate,2025-02-07,2026-02-27
45,Julie Scott,gary91@example.org,Georgia,New Anthonyport,Consumer,2025-04-23,2026-02-27
46,Todd Gonzalez,curtisbarton@example.net,Netherlands Antilles,Port Tonyaton,Consumer,2024-11-07,2026-02-27
47,Jonathan Peterson,gshort@example.com,Guyana,Zimmermanchester,Corporate,2024-07-05,2026-02-27
48,Lisa Gillespie,umarshall@example.net,Ethiopia,Melissaland,Consumer,2024-09-18,2026-02-27
49,Laura Barnett,anthony52@example.com,Croatia,Laurenmouth,Corporate,2024-09-19,2026-02-27
50,Kristi Black,christophercortez@example.com,Moldova,Lake Thomas,Corporate,2025-07-31,2026-02-27
51,Edward Sullivan,kevinperkins@example.com,Micronesia,Ronaldside,Home Office,2024-10-26,2026-02-27
52,David Martinez,leslienewton@example.net,Colombia,East Joanna,Corporate,2024-09-16,2026-02-27
53,Linda Hooper,kennethward@example.com,American Samoa,West Brandon,Consumer,2024-04-07,2026-02-27
54,Margaret Mullins,salasaudrey@example.com,Lesotho,Petersonton,Home Office,2024-08-30,2026-02-27
55,Austin Vasquez,hernandezlisa@example.com,Belize,North Angela,Corporate,2024-12-27,2026-02-27
56,Patricia James,levans@example.com,Gambia,New Susanville,Home Office,2026-01-19,2026-02-27
57,Matthew Moore,andreamoore@example.com,Korea,Carterbury,Consumer,2024-09-25,2026-02-27
58,Andrea Hall,kristin93@example.com,Brazil,Lake Edward,Corporate,2024-09-08,2026-02-27
59,Ricky Larson,scott74@example.net,Iraq,Vincentfort,Consumer,2025-01-12,2026-02-27
60,Morgan Munoz,davissuzanne@example.net,Namibia,Port Emilyview,Home Office,2025-04-23,2026-02-27
61,Joseph Ramos,howard96@example.net,Suriname,Costafort,Corporate,2024-11-08,2026-02-27
62,Shannon Rivera,zroberts@example.net,Argentina,Millerview,Home Office,2024-10-20,2026-02-27
63,Jose Travis,mgutierrez@example.net,Guyana,Garrettton,Home Office,2024-07-25,2026-02-27
64,Jessica Wolfe,johnsoncrystal@example.org,Russian Federation,West Andrea,Corporate,2025-04-06,2026-02-27
65,Susan Murray MD,tyronemoran@example.net,Romania,Robertfort,Home Office,2026-02-12,2026-02-27
66,Janet Weeks,michellehill@example.com,Guam,Loriport,Consumer,2025-08-11,2026-02-27
67,Mary Grimes,wryan@example.com,Micronesia,Gibsonmouth,Home Office,2025-11-23,2026-02-27
68,James Chase,vwilliams@example.com,Romania,Hughesberg,Consumer,2025-02-23,2026-02-27
69,Leslie Kane,dgarcia@example.org,Saint Helena,South Monica,Consumer,2026-02-05,2026-02-27
70,Deborah Hanson,vsantos@example.net,Togo,Finleyfort,Home Office,2025-11-25,2026-02-27
71,Mark Mccall,juliehamilton@example.org,Senegal,South Garrettport,Consumer,2025-12-18,2026-02-27
72,Elaine Brooks,johnjenkins@example.net,Somalia,East Gregory,Corporate,2025-05-17,2026-02-27
73,Kathleen Aguilar,stevenking@example.com,Papua New Guinea,Port Stevenport,Consumer,2025-07-06,2026-02-27
74,Gregory Matthews,dvaughn@example.com,Congo,Castanedaville,Consumer,2024-08-19,2026-02-27
75,Wendy Phillips,khill@example.net,Slovakia (Slovak Republic),New Julieport,Consumer,2025-09-16,2026-02-27
76,Colleen Lee,erica21@example.net,Oman,West Kristinaton,Corporate,2025-04-26,2026-02-27
77,Edward Burgess,jamesbuchanan@example.com,Marshall Islands,Mariaview,Corporate,2025-12-26,2026-02-27
78,Elizabeth Harrell,mcdonaldcharles@example.org,Tokelau,Coffeyside,Corporate,2024-11-21,2026-02-27
79,Joshua Gibson,brenda51@example.net,Djibouti,Johnsonside,Home Office,2024-10-24,2026-02-27
80,Madison Marshall,debra12@example.org,Yemen,West Wendyville,Corporate,2024-05-08,2026-02-27
81,Jesse Santiago,umatthews@example.org,Turks and Caicos Islands,Penafort,Consumer,2025-05-22,2026-02-27
82,Michael Robinson,xsampson@example.org,Poland,Amystad,Corporate,2024-04-12,2026-02-27
83,Tiffany Holloway,batesdarlene@example.net,Angola,Port Matthewberg,Corporate,2025-09-24,2026-02-27
84,Kristen Willis,markhernandez@example.net,Afghanistan,Micheleberg,Consumer,2026-02-17,2026-02-27
85,Ashley Delacruz,alexistyler@example.org,Namibia,Alfredview,Home Office,2024-04-06,2026-02-27
86,Nichole Alvarez,william17@example.net,Cyprus,Lake Kristahaven,Corporate,2024-10-05,2026-02-27
87,Zachary Boone,fparks@example.net,United States of America,Jonesland,Home Office,2024-10-20,2026-02-27
88,Marcus Richards,oscar98@example.com,Korea,Garciaville,Home Office,2025-11-11,2026-02-27
89,Michelle Lewis,abeasley@example.com,Sweden,Rossville,Home Office,2024-10-13,2026-02-27
90,Troy Mcdaniel,fjones@example.org,Jersey,Lake Joanneberg,Consumer,2025-04-09,2026-02-27
91,Erin Martinez,morgan60@example.com,Netherlands Antilles,Michaelshire,Home Office,2025-03-04,2026-02-27
92,Dr. Gregory Hawkins,farmeraudrey@example.com,Tanzania,New Sarahview,Home Office,2024-03-20,2026-02-27
93,Tammy Bell,mollyknight@example.com,Bangladesh,Lake Cynthia,Consumer,2024-03-21,2026-02-27
94,Jason Peterson,larry59@example.net,Belize,East Ericton,Home Office,2025-07-03,2026-02-27
95,Karla Ramos,jason81@example.com,Jersey,West Erikashire,Home Office,2025-02-17,2026-02-27
96,James Greene,harrissierra@example.org,Serbia,Keithville,Consumer,2024-03-04,2026-02-27
97,James Padilla,charles06@example.org,Kuwait,Port Lawrencechester,Consumer,2025-04-21,2026-02-27
98,Brian Smith,george97@example.net,Uruguay,Christopherville,Corporate,2024-08-23,2026-02-27
99,Jennifer Collins,jeffrey21@example.net,North Macedonia,New Williamstad,Corporate,2024-11-10,2026-02-27
100,Brittany Garcia,james92@example.net,Belarus,Port Courtney,Corporate,2025-01-31,2026-02-27
101,Melanie Macias,michelle52@example.com,Bangladesh,Ramosport,Home Office,2025-10-01,2026-02-27
102,Benjamin Murray,brownmarie@example.org,Oman,New Brookefurt,Home Office,2025-01-30,2026-02-27
103,Stephanie Cole,marcalvarez@example.org,Bahamas,Garciamouth,Home Office,2026-02-14,2026-02-27
104,Amanda Zimmerman,nwarren@example.org,Haiti,Samanthafurt,Consumer,2024-12-22,2026-02-27
105,Rachel Holland,riveraangela@example.com,Finland,Jenniferberg,Home Office,2024-10-28,2026-02-27
106,Gregory Ponce,tanderson@example.org,Georgia,Schneidermouth,Corporate,2025-10-13,2026-02-27
107,Nancy Jennings,lucasrodney@example.com,Andorra,Kyleborough,Consumer,2024-11-03,2026-02-27
108,Zachary Moore,megan18@example.net,Syrian Arab Republic,Lake Matthewberg,Consumer,2025-05-08,2026-02-27
109,Michael Weber,jenniferwilliams@example.com,Philippines,South Cheryl,Consumer,2025-08-30,2026-02-27
110,David Sheppard,mmckee@example.com,Philippines,Murrayport,Corporate,2025-09-18,2026-02-27
111,Christopher Gonzalez,moniquewilliams@example.com,Tunisia,Angelaville,Corporate,2025-07-31,2026-02-27
112,Bradley Martin,jwhitehead@example.com,Bermuda,Port Shannon,Corporate,2024-11-09,2026-02-27
113,Jonathan Young,brooksanthony@example.org,Taiwan,Laceyberg,Consumer,2024-03-26,2026-02-27
114,Ronald Blake,awest@example.org,Andorra,Jasonberg,Consumer,2025-04-03,2026-02-27
115,Ashley Roberts,david36@example.net,South Africa,Brownfort,Home Office,2025-05-08,2026-02-27
116,Dana Thomas,wsmith@example.org,Montserrat,Lopezland,Home Office,2025-03-16,2026-02-27
117,Kimberly Hartman,myerstheodore@example.net,Iceland,Jontown,Corporate,2024-11-14,2026-02-27
118,Matthew Garcia,dennis58@example.com,Suriname,Port Kimberly,Consumer,2025-02-01,2026-02-27
119,Robin Brown,mjohnson@example.org,Somalia,North Leslie,Home Office,2024-10-11,2026-02-27
120,Kara Johnson,justinatkins@example.org,Tonga,Joshuastad,Corporate,2025-01-11,2026-02-27
121,Tyler Morgan,tylerjimenez@example.net,Ethiopia,Lake Rogerchester,Corporate,2025-05-12,2026-02-27
122,Erica Miller,kirk96@example.org,Portugal,Bellton,Home Office,2025-08-11,2026-02-27
123,Jessica Fowler,jonesdana@example.com,Malaysia,North Douglas,Corporate,2025-05-16,2026-02-27
124,Austin Osborne,michael90@example.net,Cape Verde,Rushstad,Consumer,2025-01-17,2026-02-27
125,Jacob Edwards,john10@example.net,Colombia,Holmesside,Corporate,2024-05-23,2026-02-27
126,Cindy Carr,igonzalez@example.org,Korea,Lake Sean,Consumer,2024-05-02,2026-02-27
127,Emma Reed,piercekelly@example.com,Thailand,Lake Jenna,Consumer,2025-07-23,2026-02-27
128,Danny Galloway,joelsnyder@example.com,Micronesia,Tannerside,Home Office,2024-06-01,2026-02-27
129,James Love,xfox@example.com,Swaziland,East Teresaland,Home Office,2025-01-21,2026-02-27
130,Shawn Deleon,katrinaanderson@example.net,United States Minor Outlying Islands,Port Davidberg,Home Office,2024-10-07,2026-02-27
131,Courtney Meza,meghan43@example.net,Zimbabwe,Davidport,Corporate,2025-05-21,2026-02-27
132,Leslie Carpenter,donnale@example.net,Guadeloupe,Port Michelleland,Home Office,2024-04-01,2026-02-27
133,Marilyn Wang,bmontgomery@example.com,Tuvalu,Dawnport,Home Office,2025-02-14,2026-02-27
134,Elizabeth Jones,moorerobert@example.com,Costa Rica,Catherinemouth,Corporate,2025-11-17,2026-02-27
135,Haley Ross PhD,floressteven@example.com,Korea,East Colin,Home Office,2024-09-26,2026-02-27
136,Danielle Grimes,lisapeck@example.net,Germany,Port Erik,Corporate,2026-02-24,2026-02-27
137,Kathleen Davis,pwagner@example.org,Myanmar,Brandonport,Corporate,2025-02-23,2026-02-27
138,Julie Herrera,jordannicole@example.net,Haiti,Diazfurt,Consumer,2024-04-05,2026-02-27
139,Dylan Hughes,rduran@example.net,Pitcairn Islands,East Theresafurt,Consumer,2024-11-26,2026-02-27
140,Holly Thomas,cporter@example.org,Burundi,Lindahaven,Home Office,2025-01-26,2026-02-27
141,Erin Austin,phillipjensen@example.com,Nauru,Williamhaven,Corporate,2025-03-22,2026-02-27
142,Robert Richardson,whitneybrandy@example.net,Tunisia,New Thomasshire,Consumer,2025-04-24,2026-02-27
143,Carolyn Fuller,rhernandez@example.org,Antigua and Barbuda,East Andrewmouth,Consumer,2024-12-29,2026-02-27
144,Jonathan Carr,vsalas@example.net,Bahamas,New Jared,Consumer,2024-10-22,2026-02-27
145,Emily Thompson,amy49@example.com,Congo,West Angela,Consumer,2024-08-10,2026-02-27
146,Dylan Clark,wstewart@example.net,Vietnam,Keithshire,Home Office,2025-07-05,2026-02-27
147,Sabrina Blevins,kellyroberts@example.net,Belgium,Sandraview,Consumer,2025-08-26,2026-02-27
148,Denise Hoffman,derrick99@example.org,Ecuador,Lake Rebeccabury,Home Office,2025-06-07,2026-02-27
149,Mitchell Garcia,adampierce@example.org,Ireland,Woodsborough,Corporate,2025-09-01,2026-02-27
150,Anthony Mack,amandasharp@example.org,United States Minor Outlying Islands,South Nicole,Home Office,2024-07-05,2026-02-27
151,Jennifer Simpson DVM,nancy04@example.net,Netherlands,West Justinside,Consumer,2025-03-16,2026-02-27
152,Jonathan Nelson,riverajessica@example.net,Equatorial Guinea,North Jill,Corporate,2025-09-27,2026-02-27
153,Casey Chase,gwilcox@example.com,Benin,Caldwellburgh,Corporate,2026-02-13,2026-02-27
154,Adriana Reyes,vmolina@example.com,Myanmar,West Desireebury,Home Office,2024-04-13,2026-02-27
155,Jared Shaw,hannah45@example.net,Cyprus,East Timothy,Corporate,2025-01-25,2026-02-27
156,Michael Durham,kathleenbecker@example.net,Tunisia,New Seanstad,Home Office,2024-04-25,2026-02-27
157,Joshua Wagner,franklinbond@example.com,Brazil,Lake Brandy,Corporate,2024-05-04,2026-02-27
158,Jody Palmer,jelliott@example.com,Peru,Jenniferfurt,Home Office,2024-08-31,2026-02-27
159,Benjamin Henderson,weaverbrian@example.org,Vietnam,Johnsonchester,Consumer,2024-07-08,2026-02-27
160,Monica Stuart,victoria67@example.com,Honduras,Lake Tamaraside,Home Office,2024-06-04,2026-02-27
161,Willie Long,jessicawalker@example.org,Saudi Arabia,West Stevenside,Home Office,2025-01-02,2026-02-27
162,Joe Moore,sharonhardy@example.org,Antigua and Barbuda,Mendeztown,Consumer,2024-08-21,2026-02-27
163,Jill Powers,sanchezbradley@example.com,Djibouti,Port Michelle,Home Office,2024-04-09,2026-02-27
164,Robert Dennis,barbara53@example.com,Turkey,Lake Adriana,Home Office,2024-12-25,2026-02-27
165,Leslie Moss,conniesimmons@example.com,Australia,Shellyfurt,Corporate,2025-09-23,2026-02-27
166,Chase Bennett,oallen@example.com,Togo,Port Steven,Home Office,2024-04-10,2026-02-27
167,Joseph Price,james17@example.com,Bermuda,North Joseph,Corporate,2025-07-03,2026-02-27
168,Chelsea Gill,timothybooth@example.com,Gabon,East Sharonville,Consumer,2025-08-26,2026-02-27
169,Melissa Padilla,jherman@example.com,Singapore,Oscarside,Corporate,2025-06-15,2026-02-27
170,Stephen Owens,ugill@example.org,Heard Island and McDonald Islands,Robertshire,Corporate,2025-11-19,2026-02-27
171,Juan Silva,mphillips@example.com,Denmark,Hudsonbury,Consumer,2025-02-26,2026-02-27
172,Dawn Underwood,umurray@example.com,Chile,Lake Amy,Corporate,2024-07-11,2026-02-27
173,Tina Warren DVM,landryelizabeth@example.org,Isle of Man,Port Crystal,Consumer,2024-04-17,2026-02-27
174,Jesus Brown,bhopkins@example.org,Martinique,Smithhaven,Home Office,2025-08-08,2026-02-27
175,Jonathan Wolfe,ldrake@example.org,Uruguay,New Eduardoborough,Home Office,2025-05-25,2026-02-27
176,Robert Miller,pstevens@example.net,Czech Republic,Gabriellaland,Corporate,2025-06-19,2026-02-27
177,Anna Gray,abrown@example.net,Chile,South Meganmouth,Home Office,2025-04-16,2026-02-27
178,Joseph Williams,rachelschwartz@example.net,Lebanon,Brandonland,Consumer,2025-07-11,2026-02-27
179,Mary White,alexis39@example.org,Sao Tome and Principe,Hickmanport,Home Office,2024-06-25,2026-02-27
180,Jasmine Mosley,patrick21@example.net,Samoa,Brianchester,Consumer,2024-08-15,2026-02-27
181,Lisa Larson,anthony47@example.com,Denmark,Angelafurt,Home Office,2025-01-08,2026-02-27
182,Angelica Montgomery,jennifermiller@example.org,Hong Kong,Lake Peter,Corporate,2024-11-17,2026-02-27
183,Jill Juarez,andersonjacob@example.com,Moldova,Garcialand,Home Office,2024-11-12,2026-02-27
184,Erika Cruz,robert18@example.org,Montserrat,Lake Oscar,Home Office,2024-06-08,2026-02-27
185,Arthur Hamilton MD,xpatton@example.com,Western Sahara,Lake Colleen,Home Office,2025-05-06,2026-02-27
186,Eric Rush,meagan65@example.com,Grenada,Ochoaberg,Consumer,2024-10-04,2026-02-27
187,Karen Thompson,snovak@example.net,Puerto Rico,Faulknerbury,Consumer,2024-10-22,2026-02-27
188,Holly Frederick,brittanygardner@example.net,Seychelles,Lake Stevenborough,Corporate,2025-01-13,2026-02-27
189,Sabrina Flynn,ichambers@example.net,Gabon,West Donna,Consumer,2025-08-03,2026-02-27
190,William Mendoza,sferguson@example.com,Mayotte,Port Tanyaside,Home Office,2025-05-06,2026-02-27
191,David Ortega,deborahwilliams@example.net,Philippines,Rasmussenmouth,Home Office,2026-02-01,2026-02-27
192,David Dixon,seanmyers@example.net,Namibia,West Whitney,Consumer,2025-02-14,2026-02-27
193,Angelica Guerra,michaelcooper@example.org,Mali,Baileyville,Home Office,2025-01-12,2026-02-27
194,Eric Patrick,johnsonmatthew@example.org,Philippines,Lake John,Corporate,2024-07-04,2026-02-27
195,Tina Hall,lsoto@example.net,Palestinian Territory,Fosterborough,Corporate,2025-01-21,2026-02-27
196,Daniel Ramirez,raylauren@example.net,Colombia,Markmouth,Consumer,2024-05-21,2026-02-27
197,Vincent Edwards MD,wmatthews@example.com,Tanzania,Williamsonport,Consumer,2025-12-29,2026-02-27
198,Emily Allen,whiteheather@example.net,Iceland,Carlsonshire,Corporate,2024-12-04,2026-02-27
199,Melissa Brewer,angelaburns@example.org,Colombia,Meganton,Corporate,2025-11-20,2026-02-27
200,Mr. James Hoffman,fortiz@example.com,Russian Federation,Burnsland,Consumer,2025-04-15,2026-02-27
201,Andrew Walker,gary79@example.net,Sierra Leone,Dunnville,Consumer,2025-04-21,2026-02-27
202,Wendy Weaver,wolfscott@example.org,Jamaica,Lake Mariabury,Consumer,2024-10-02,2026-02-27
203,Gregory Montoya,hgrimes@example.org,Cote d'Ivoire,Michellechester,Home Office,2024-06-28,2026-02-27
204,Daniel Brown,amanda98@example.org,Gibraltar,Keithview,Consumer,2026-01-23,2026-02-27
205,Robin Taylor,rsellers@example.net,Brunei Darussalam,East Dustin,Consumer,2024-10-20,2026-02-27
206,Jenna Thomas,courtney67@example.org,North Macedonia,South Zacharyview,Home Office,2025-07-19,2026-02-27
207,John Perkins,simonstephen@example.net,Qatar,Melissaside,Corporate,2024-12-14,2026-02-27
208,Kathleen Morris,matthew92@example.net,Timor-Leste,Kramerton,Consumer,2024-04-01,2026-02-27
209,Alexis Noble,scottsmith@example.com,Cook Islands,Lake Kevin,Home Office,2025-11-27,2026-02-27
210,Isaac Miller,brettgarrett@example.net,Reunion,South Diana,Consumer,2025-07-25,2026-02-27
211,Casey Perez,ssmith@example.com,Svalbard & Jan Mayen Islands,Port Robertberg,Consumer,2025-02-10,2026-02-27
212,Robert Garcia,nicole26@example.org,Norway,North Alyssa,Home Office,2024-03-05,2026-02-27
213,Nathan Fuller,samanthajensen@example.com,Tokelau,North Peggy,Corporate,2024-06-09,2026-02-27
214,Heather Jordan,johnnewman@example.org,Micronesia,Kimberlytown,Home Office,2025-11-07,2026-02-27
215,Joseph Hicks,dphillips@example.org,Lithuania,Rodriguezfort,Consumer,2025-06-07,2026-02-27
216,Alexandria Ward,david96@example.com,Mayotte,Port Thomas,Corporate,2026-02-17,2026-02-27
217,Alexis Lewis,fryraymond@example.com,Niue,Hendersonfurt,Home Office,2024-04-28,2026-02-27
218,Diamond Collins,terrimoore@example.com,India,West Hollybury,Home Office,2024-04-10,2026-02-27
219,Jesse Lynch,elizabeth21@example.org,Russian Federation,Lake Alexander,Corporate,2025-02-24,2026-02-27
220,Samantha Green,david41@example.org,Grenada,Nelsonland,Consumer,2024-09-06,2026-02-27
221,Kathleen Dixon,porterashley@example.com,Cayman Islands,Kerrishire,Home Office,2025-07-04,2026-02-27
222,April Trevino,sanchezthomas@example.com,Uruguay,East Sarah,Home Office,2025-11-14,2026-02-27
223,Natalie Barnes,john54@example.org,Montserrat,Davidton,Home Office,2024-07-07,2026-02-27
224,Dr. Andrea Marshall,kiara45@example.org,Micronesia,Smithborough,Consumer,2024-09-27,2026-02-27
225,Dana Richardson,xcuevas@example.org,Saint Martin,East Adam,Home Office,2024-12-23,2026-02-27
226,Ryan Wiley,aaron64@example.org,Costa Rica,South Travis,Corporate,2024-04-11,2026-02-27
227,Anna Morse,xhaynes@example.com,San Marino,New Codyberg,Corporate,2025-06-07,2026-02-27
228,Amy Bates,joelgreen@example.com,Vanuatu,Haynesmouth,Home Office,2024-10-17,2026-02-27
229,Dale Chan,moorefrank@example.com,Germany,Martinezstad,Home Office,2026-02-01,2026-02-27
230,Derek Wilson,lindseytorres@example.net,Qatar,East Marymouth,Corporate,2024-06-15,2026-02-27
231,Jennifer Williams,jorge20@example.com,Timor-Leste,Hawkinsside,Corporate,2024-08-28,2026-02-27
232,Brenda Smith,davidcolon@example.com,Poland,New Brendaland,Home Office,2024-03-14,2026-02-27
233,Jill Anderson,david70@example.org,Uzbekistan,Underwoodfurt,Corporate,2025-02-24,2026-02-27
234,Hector Odonnell,joshua20@example.net,Niger,Lake Kenneth,Consumer,2024-12-24,2026-02-27
235,Douglas Taylor,dawnrobles@example.org,Norfolk Island,South Kimberlystad,Consumer,2025-02-12,2026-02-27
236,Keith Morris,hector59@example.org,Antarctica (the territory South of 60 deg S),Brianfort,Consumer,2025-03-20,2026-02-27
237,Dr. Ariel Sandoval MD,gallagherstacie@example.net,Tanzania,Kellyburgh,Consumer,2024-07-05,2026-02-27
238,Melissa Sloan,warnermichael@example.net,Mongolia,New Stacy,Corporate,2025-10-30,2026-02-27
239,Kimberly Thompson,davisjesse@example.org,Angola,Smithborough,Consumer,2025-10-08,2026-02-27
240,Robert Oneill,johnsonbrenda@example.org,Singapore,Port Aliciastad,Home Office,2026-01-29,2026-02-27
241,Jennifer Garcia,marcus26@example.net,Libyan Arab Jamahiriya,Grantside,Home Office,2025-07-18,2026-02-27
242,Courtney Chapman,nicholasgross@example.com,Brunei Darussalam,Lake Aaron,Consumer,2025-07-24,2026-02-27
243,Patricia Bradley,carriemccall@example.net,Cyprus,South Donaldland,Home Office,2024-08-19,2026-02-27
244,Stephen Davis,sean43@example.org,Puerto Rico,West Jonathanville,Consumer,2025-08-06,2026-02-27
245,Jason Jackson,ysnyder@example.com,Mayotte,Garciafort,Consumer,2025-09-25,2026-02-27
246,Courtney Hayes,phillipslucas@example.org,Barbados,Georgefurt,Consumer,2024-06-24,2026-02-27
247,Vanessa Morgan,bbush@example.net,Chad,Mooreville,Home Office,2024-10-26,2026-02-27
248,Julian Frost,donna43@example.org,Australia,Armstrongfort,Home Office,2024-06-19,2026-02-27
249,Edward Stanley,bgonzalez@example.org,Chile,Tiffanyfort,Consumer,2025-11-04,2026-02-27
250,John Guerrero,maypaul@example.com,Turks and Caicos Islands,Woodmouth,Consumer,2024-03-31,2026-02-27
251,Russell Elliott,karencontreras@example.org,Paraguay,Lindseychester,Consumer,2026-02-05,2026-02-27
252,Sara Cardenas,rsheppard@example.com,Montserrat,South Kent,Consumer,2024-12-12,2026-02-27
253,Kenneth Black,davidtodd@example.org,Yemen,East Lindsey,Corporate,2024-05-30,2026-02-27
254,Jessica Osborn DDS,luis11@example.com,Moldova,Arnoldview,Consumer,2025-03-13,2026-02-27
255,Michael Matthews,jrodriguez@example.org,Montenegro,North Annaville,Home Office,2025-09-23,2026-02-27
256,Sherry Baker,earmstrong@example.org,China,Richardfurt,Consumer,2024-03-27,2026-02-27
257,David Reese,penny05@example.com,Georgia,Meganville,Corporate,2026-02-06,2026-02-27
258,Patrick Schroeder,joseph69@example.net,Benin,South Jason,Home Office,2025-10-21,2026-02-27
259,Sharon Nicholson,cameronmckinney@example.com,Burkina Faso,East Jamesborough,Corporate,2025-10-30,2026-02-27
260,Thomas Bush,micheal78@example.com,North Macedonia,Lake Anthonystad,Consumer,2025-02-18,2026-02-27
261,Karen Arnold,frank41@example.com,Antarctica (the territory South of 60 deg S),Williamsshire,Home Office,2025-09-19,2026-02-27
262,Danny Clark,xpalmer@example.net,Algeria,Buckburgh,Consumer,2025-05-11,2026-02-27
263,Robert Torres,rodney65@example.com,El Salvador,South Kevin,Home Office,2025-03-14,2026-02-27
264,Adrienne Key,anna99@example.com,French Southern Territories,South Calebview,Home Office,2025-06-09,2026-02-27
265,Michael Stafford,jacob83@example.org,Sri Lanka,Guerreroberg,Home Office,2025-08-07,2026-02-27
266,Deanna Barnes MD,aguilarwanda@example.org,Guam,Lake Amanda,Corporate,2025-09-22,2026-02-27
267,Katie Bruce,kellyruiz@example.net,Eritrea,Lake Rachel,Consumer,2025-06-19,2026-02-27
268,Seth Fisher,nathan94@example.com,Thailand,South Brianshire,Corporate,2025-04-26,2026-02-27
269,Cory Wilson,amoreno@example.org,Trinidad and Tobago,East Victoria,Corporate,2024-11-04,2026-02-27
270,Victoria Thomas,kimberlyfreeman@example.net,Christmas Island,Cynthiatown,Consumer,2025-01-22,2026-02-27
271,Laura Moore,andersonryan@example.com,Iraq,Sanfordfurt,Consumer,2024-03-02,2026-02-27
272,Tiffany Mcclain,andrewsmith@example.net,Egypt,Lake Natalie,Consumer,2024-10-12,2026-02-27
273,Elizabeth Brown,evanskelly@example.net,Mali,Ryanberg,Home Office,2024-11-04,2026-02-27
274,Colin Vaughan,osmith@example.net,Bulgaria,Lake Andrew,Corporate,2025-03-02,2026-02-27
275,Rebecca Brooks,kelsey90@example.net,Australia,Lake Maryton,Corporate,2025-07-15,2026-02-27
276,Joshua Wells,jamiejennings@example.org,Gabon,Stanleyhaven,Corporate,2024-09-12,2026-02-27
277,Ronald Garcia,campbellkristen@example.com,Congo,Port Jose,Corporate,2025-03-15,2026-02-27
278,Elizabeth Williams,slozano@example.com,Greenland,North Alexander,Corporate,2024-05-02,2026-02-27
279,Kathleen Herring,cummingscraig@example.com,Norway,South Vanessa,Home Office,2024-10-01,2026-02-27
280,Christopher Williams,michael56@example.net,Brazil,Port Katherineton,Consumer,2024-03-06,2026-02-27
281,Erin Kline,natalie15@example.com,Cocos (Keeling) Islands,South Ricardomouth,Home Office,2024-09-13,2026-02-27
282,Rebecca Banks,danielhorton@example.org,Western Sahara,North Robert,Home Office,2025-05-04,2026-02-27
283,Catherine James,cheryl27@example.com,Bouvet Island (Bouvetoya),Alexanderland,Home Office,2024-09-05,2026-02-27
284,Megan Saunders,tiffanysantiago@example.com,Maldives,South Dorothybury,Consumer,2025-02-13,2026-02-27
285,Brittany Serrano,smithsarah@example.net,Thailand,Christianburgh,Consumer,2024-04-22,2026-02-27
286,Wayne Williams,andreagray@example.org,Belgium,Wallaceshire,Corporate,2025-01-20,2026-02-27
287,Bryan Jimenez,garciarobert@example.net,Mexico,Port Christopherport,Home Office,2025-12-08,2026-02-27
288,Joy Peterson,velasquezmegan@example.com,Monaco,Moranstad,Corporate,2025-08-03,2026-02-27
289,Courtney Peterson,amy51@example.org,Ukraine,South Donald,Consumer,2025-08-04,2026-02-27
290,Levi Lopez,ylewis@example.org,Saint Barthelemy,Danielchester,Consumer,2024-04-01,2026-02-27
291,Barbara Snow,gbarrett@example.org,Luxembourg,New Jillside,Consumer,2026-01-10,2026-02-27
292,Mr. Thomas Thompson,jessicaanderson@example.com,Palestinian Territory,Williamfurt,Consumer,2024-12-29,2026-02-27
293,Danielle Sanders,tara72@example.org,Isle of Man,Meganside,Home Office,2025-11-17,2026-02-27
294,Mackenzie Harris,glenda22@example.net,Mauritius,Jenniferstad,Corporate,2025-04-13,2026-02-27
295,Michelle Craig,natalie60@example.net,Botswana,South Dustinton,Consumer,2024-07-22,2026-02-27
296,Dustin King,vaughnkenneth@example.net,Antigua and Barbuda,Lisaville,Corporate,2025-05-22,2026-02-27
297,Courtney Holland,yyoung@example.net,France,South Paulmouth,Consumer,2026-02-02,2026-02-27
298,Christina Melton,ogreer@example.net,Russian Federation,Kariside,Corporate,2025-08-20,2026-02-27
299,Cheryl Cole,lopezglenn@example.net,British Indian Ocean Territory (Chagos Archipelago),Williamsview,Corporate,2025-04-09,2026-02-27
300,Dawn Rivera,billmcfarland@example.net,Austria,Tracyshire,Consumer,2025-04-04,2026-02-27
301,Kelly Krueger,hartmanerik@example.net,Mauritania,Davisbury,Consumer,2025-12-03,2026-02-27
302,Edward Clements,wbarajas@example.net,Algeria,Lake Michaelbury,Corporate,2025-12-19,2026-02-27
303,Tina Fleming,patrick16@example.com,Mauritius,Angelhaven,Home Office,2025-10-20,2026-02-27
304,Jill Williams,lukemiller@example.org,Chad,Lake Cameronborough,Consumer,2025-11-20,2026-02-27
305,Joshua Park,elucas@example.net,Poland,North Stephen,Consumer,2024-10-27,2026-02-27
306,Robert Grant,rhondarussell@example.com,Norfolk Island,Hamiltontown,Home Office,2024-12-08,2026-02-27
307,Nathan Brown,haynescharles@example.net,Botswana,Kristinport,Home Office,2025-05-15,2026-02-27
308,Jane Short,wellsamanda@example.org,San Marino,Roblesside,Consumer,2024-09-30,2026-02-27
309,Stephen Sanford,susan08@example.net,Cambodia,North Adamfurt,Consumer,2025-03-26,2026-02-27
310,Paul Berger,jason82@example.org,Colombia,New Mary,Consumer,2024-07-18,2026-02-27
311,Sarah York,enewman@example.com,Paraguay,West Coreyshire,Consumer,2025-02-17,2026-02-27
312,Matthew Garcia,mcculloughlouis@example.com,Greenland,Heatherberg,Corporate,2025-04-15,2026-02-27
313,Jeffrey Smith,kristenjoseph@example.net,Jordan,Maryberg,Corporate,2025-07-08,2026-02-27
314,Jeremy Hampton,larnold@example.net,New Caledonia,Port Juanberg,Corporate,2025-12-09,2026-02-27
315,Lori Luna,atkinsoncrystal@example.net,Mozambique,Hammondborough,Consumer,2025-12-20,2026-02-27
316,Yvonne Kennedy,michaelwalker@example.net,Saint Martin,Dennishaven,Corporate,2025-03-06,2026-02-27
317,Mary Charles,katherinetaylor@example.org,Christmas Island,Lake Jessica,Consumer,2026-01-13,2026-02-27
318,Crystal Baker,bradclark@example.com,Iceland,Hardinton,Consumer,2024-03-28,2026-02-27
319,Warren Schultz,mary49@example.net,Montenegro,South Desiree,Corporate,2024-11-20,2026-02-27
320,Kellie Bennett,zacharygomez@example.com,Libyan Arab Jamahiriya,Eatontown,Consumer,2025-02-28,2026-02-27
321,Billy Schneider,edwardmoore@example.net,Saint Barthelemy,Lake Jerrymouth,Corporate,2025-08-06,2026-02-27
322,Daniel Martin,cjohnson@example.org,Montserrat,East Crystal,Corporate,2024-03-27,2026-02-27
323,David White,kgreene@example.net,Andorra,Staceyborough,Corporate,2025-01-20,2026-02-27
324,Carolyn Greer,laurahoover@example.org,Nigeria,Garymouth,Corporate,2026-01-01,2026-02-27
325,James Anderson,harrismichele@example.net,Poland,Serranoville,Corporate,2024-07-06,2026-02-27
326,Sherry Schmidt,davisdonna@example.net,Mauritius,Port Erikachester,Home Office,2025-03-15,2026-02-27
327,Joseph Perez,yclarke@example.com,Namibia,South Dennisfort,Home Office,2025-09-09,2026-02-27
328,Kyle Stephens,jacob09@example.net,British Indian Ocean Territory (Chagos Archipelago),South Diamondmouth,Home Office,2024-12-22,2026-02-27
329,Kevin Green,ncunningham@example.com,Pitcairn Islands,Fischerchester,Home Office,2025-04-06,2026-02-27
330,Justin Webb,becky62@example.net,British Indian Ocean Territory (Chagos Archipelago),South Krista,Home Office,2026-01-20,2026-02-27
331,Rachel Owen,martintamara@example.org,Spain,Port Dustinchester,Corporate,2024-05-02,2026-02-27
332,Lee Ramsey,hmendez@example.com,Rwanda,Port Lorifort,Consumer,2025-01-13,2026-02-27
333,Regina Mitchell,bowerswilliam@example.net,Djibouti,Lake Barry,Consumer,2024-08-20,2026-02-27
334,Zachary Chan,elizabeth69@example.org,Maldives,Lake Janeland,Corporate,2025-04-04,2026-02-27
335,Lauren Bailey,jeremy37@example.com,Morocco,West Gregoryhaven,Consumer,2024-05-15,2026-02-27
336,Travis Pratt,nancy94@example.net,Kenya,Hartbury,Consumer,2025-09-02,2026-02-27
337,Joe Matthews,olsonjonathan@example.com,North Macedonia,Lake Jacqueline,Home Office,2025-10-04,2026-02-27
338,Joseph Haynes,john16@example.net,San Marino,Charlesburgh,Home Office,2025-02-09,2026-02-27
339,Debra Valentine,victorgonzalez@example.net,Dominican Republic,Jamieborough,Home Office,2025-10-29,2026-02-27
340,Richard Wilson,loweelizabeth@example.net,Albania,Port Timothymouth,Consumer,2025-02-21,2026-02-27
341,Sheila Henry,raymond92@example.org,Malta,Mendozaside,Home Office,2024-03-22,2026-02-27
342,Patty Bryant,wolfesteve@example.net,Algeria,Lake Jasonshire,Corporate,2024-05-11,2026-02-27
343,Chelsea Baker,thomas95@example.com,Colombia,Colemanchester,Consumer,2025-07-23,2026-02-27
344,Diana White,tiffanyparks@example.org,Saint Helena,Lindaside,Consumer,2025-01-08,2026-02-27
345,Tyler Hernandez,thompsonvictor@example.net,Maldives,Kristenport,Home Office,2024-08-29,2026-02-27
346,Brett Martin,lisawoods@example.net,Bhutan,Garnerview,Corporate,2024-11-17,2026-02-27
347,Deanna Smith,bellerin@example.net,Congo,Port Justin,Home Office,2024-10-22,2026-02-27
348,Jillian Miller,steven22@example.net,Sri Lanka,Robertshire,Home Office,2024-12-19,2026-02-27
349,Greg Edwards,jennifer96@example.com,Tuvalu,Normanstad,Consumer,2025-08-26,2026-02-27
350,Christopher Dickerson,jessicastanley@example.net,Reunion,East Garrettville,Consumer,2024-05-07,2026-02-27
351,Anthony Wise,garciachristine@example.org,Palau,Parkerbury,Home Office,2025-08-19,2026-02-27
352,Joseph Jackson,alvaradomichelle@example.com,Tonga,Mcdonaldside,Consumer,2026-01-10,2026-02-27
353,Travis Ryan,owelch@example.net,Jordan,Reginafort,Consumer,2025-03-27,2026-02-27
354,Jacob Green,alex82@example.com,France,Nicholsfort,Consumer,2026-01-19,2026-02-27
355,Jeffrey Carter,laurakelley@example.org,Isle of Man,Fosterburgh,Home Office,2025-08-02,2026-02-27
356,Connie Miller,zacharymarsh@example.net,Sri Lanka,Justinside,Consumer,2025-10-10,2026-02-27
357,Catherine Roberts,rwilliamson@example.net,Nigeria,Lopeztown,Home Office,2024-06-18,2026-02-27
358,William Campbell,jenniferacosta@example.org,Bermuda,North Tristan,Consumer,2024-11-03,2026-02-27
359,Yolanda Ford,riveramegan@example.org,Azerbaijan,Kimberlyland,Corporate,2025-03-30,2026-02-27
360,Danielle James,martinezkayla@example.org,Hungary,Wrightton,Consumer,2024-07-22,2026-02-27
361,Maxwell Clark,tmaldonado@example.com,Cayman Islands,Lake Sharonhaven,Home Office,2024-05-27,2026-02-27
362,Isaac Williams,teresayoung@example.com,Greece,East Laurashire,Consumer,2024-05-25,2026-02-27
363,Andrew Logan,jbarker@example.com,Sierra Leone,East Ericland,Home Office,2025-07-12,2026-02-27
364,Olivia Brown,deanna81@example.org,Libyan Arab Jamahiriya,West Tina,Home Office,2025-09-25,2026-02-27
365,Jessica Lee,ihoward@example.com,United Arab Emirates,South Jasmineside,Consumer,2024-09-30,2026-02-27
366,Cody Bailey,mhill@example.net,Central African Republic,New Ericport,Home Office,2025-10-18,2026-02-27
367,Ricardo Hunter,nicoleharvey@example.com,Singapore,West Jennifer,Consumer,2025-06-22,2026-02-27
368,Joseph Jimenez,chloemorris@example.net,Gibraltar,North Alexandraland,Corporate,2024-03-30,2026-02-27
369,Andre Rodriguez,coreyduncan@example.com,Palestinian Territory,Foxshire,Home Office,2024-09-01,2026-02-27
370,Andrea Conrad,dianahebert@example.org,Lao People's Democratic Republic,West Angelachester,Home Office,2025-10-20,2026-02-27
371,Luis Rice,davenportchristian@example.org,Maldives,North Jessicaside,Home Office,2024-12-05,2026-02-27
372,Laura Meza,xreese@example.net,Morocco,Emilychester,Home Office,2025-12-03,2026-02-27
373,James Morgan,amandagreene@example.com,United Kingdom,Andreamouth,Corporate,2025-11-05,2026-02-27
374,Samantha Morris,annalewis@example.net,Vanuatu,Michaelmouth,Corporate,2025-01-19,2026-02-27
375,Victoria Larson,victoriaturner@example.com,Cyprus,Port Leslie,Consumer,2025-09-13,2026-02-27
376,Tamara Dixon,clintonstevens@example.org,Burundi,Michaelshire,Home Office,2024-08-28,2026-02-27
377,Kelly Carroll,jessicacummings@example.com,China,Petersenshire,Home Office,2025-10-18,2026-02-27
378,Amanda Stokes,dmiller@example.com,Guernsey,Butlerville,Corporate,2025-11-23,2026-02-27
379,Lindsey Smith,hbrown@example.org,Ghana,West Wayne,Consumer,2024-08-07,2026-02-27
380,Jenna Griffin,walkerkeith@example.com,Cameroon,West Christopher,Corporate,2025-04-20,2026-02-27
381,Bradley Shaw,kathleencastillo@example.org,Libyan Arab Jamahiriya,Pearsonborough,Corporate,2025-04-12,2026-02-27
382,Dana Adams,kmorris@example.org,Bouvet Island (Bouvetoya),Hendersonstad,Consumer,2024-07-16,2026-02-27
383,Patricia Jackson,christina79@example.org,Kazakhstan,Port Jesusstad,Home Office,2024-06-20,2026-02-27
384,Patrick Sanchez,mistywilkins@example.org,Guam,West Shannontown,Home Office,2024-10-27,2026-02-27
385,Joshua Christensen,jdean@example.net,Qatar,South Brandyhaven,Corporate,2024-03-30,2026-02-27
386,Richard Williamson,marshallsierra@example.org,Iceland,Elizabethstad,Corporate,2025-11-19,2026-02-27
387,Marie Hall,tromero@example.org,United Kingdom,Toddside,Corporate,2024-05-02,2026-02-27
388,Kristina Marquez,wrightalyssa@example.com,Liechtenstein,Garnertown,Consumer,2024-11-07,2026-02-27
389,Cynthia Good,lisa46@example.org,Western Sahara,Jeremiahmouth,Consumer,2025-12-13,2026-02-27
390,James Yu,robertberry@example.com,Georgia,Shaneberg,Corporate,2024-07-27,2026-02-27
391,Rebecca Huffman,haley82@example.com,United States of America,Lake Sarah,Home Office,2025-12-28,2026-02-27
392,Tiffany Wilson,mary20@example.com,Turkmenistan,Aliport,Home Office,2025-01-16,2026-02-27
393,Taylor Hill,daniellopez@example.net,Nicaragua,Catherinebury,Consumer,2025-05-08,2026-02-27
394,Bobby Chan,waynejacobs@example.net,Pakistan,Jackfurt,Consumer,2025-02-20,2026-02-27
395,Andrew Duran,schaeferstephanie@example.org,Samoa,Port James,Home Office,2024-07-06,2026-02-27
396,Luis Watts,bclay@example.com,Singapore,New Jillfurt,Consumer,2025-08-06,2026-02-27
397,Laura Herrera,meyershannon@example.org,Turkey,New Amanda,Home Office,2026-02-15,2026-02-27
398,Phillip Estes,kellysanders@example.com,Singapore,Stevenchester,Corporate,2024-09-29,2026-02-27
399,Stephanie Ford,gdavis@example.org,Cocos (Keeling) Islands,South Robert,Consumer,2025-01-22,2026-02-27
400,Michelle Harris,udavis@example.net,Pakistan,Lake Jessica,Corporate,2024-05-04,2026-02-27
401,Angela Zimmerman,nicholasjames@example.org,United States Minor Outlying Islands,Arianaberg,Consumer,2024-06-25,2026-02-27
402,Amber Parker,lroberts@example.org,United Arab Emirates,East Adam,Consumer,2025-09-08,2026-02-27
403,Mr. Robert Franklin MD,briannaalvarez@example.com,Kenya,New Carolbury,Corporate,2025-12-02,2026-02-27
404,Samantha Clark,eddiedelgado@example.org,Cameroon,Lake Belindaport,Corporate,2024-10-26,2026-02-27
405,Xavier Martin,cheryl99@example.net,Christmas Island,Currystad,Consumer,2026-01-07,2026-02-27
406,Jacob Gray,changmegan@example.org,French Guiana,Taylorview,Corporate,2024-10-25,2026-02-27
407,Daniel Brown,webbhaley@example.net,France,Lynchmouth,Home Office,2024-09-04,2026-02-27
408,Tammy Mendez,ostone@example.com,Lithuania,New Jesse,Home Office,2024-09-27,2026-02-27
409,John Robles,laurenduarte@example.com,Aruba,Michaelborough,Corporate,2024-03-07,2026-02-27
410,Richard Parker,katie15@example.com,Indonesia,Port Gregorymouth,Home Office,2025-10-28,2026-02-27
411,John Johnson,timothyburton@example.net,Ukraine,Stevenchester,Home Office,2026-01-05,2026-02-27
412,Krystal Gregory,clarkgina@example.com,Bahrain,West Mary,Home Office,2024-11-01,2026-02-27
413,Carol Obrien,brookehancock@example.com,Romania,Jenniferview,Consumer,2024-12-26,2026-02-27
414,Jesse Sampson,aliciathompson@example.com,Slovenia,Port Jamesland,Home Office,2025-01-16,2026-02-27
415,Mr. Connor Mclean,kimberly21@example.net,Philippines,East Jenny,Home Office,2025-01-28,2026-02-27
416,April Randolph,cookpamela@example.org,Mali,Andrewport,Corporate,2025-06-08,2026-02-27
417,Dustin Patel,rlambert@example.org,Cayman Islands,Dannyside,Home Office,2025-03-09,2026-02-27
418,Fernando Thomas,audrey21@example.com,New Zealand,Amberton,Consumer,2024-06-01,2026-02-27
419,Ashley Brown,tmyers@example.net,Uganda,Jensenport,Consumer,2024-10-27,2026-02-27
420,Rhonda Miller,fbradley@example.net,Lao People's Democratic Republic,South Lancemouth,Corporate,2025-02-05,2026-02-27
421,Steven Scott,philip55@example.com,Libyan Arab Jamahiriya,North Thomasstad,Consumer,2025-02-11,2026-02-27
422,Gregory Andrews,sullivanjennifer@example.org,Greece,Port Kevinmouth,Consumer,2024-12-16,2026-02-27
423,Kimberly Dickson,njones@example.net,Nauru,Muellerchester,Home Office,2025-04-17,2026-02-27
424,Carrie Caldwell,mwilson@example.com,Greece,Port Seanport,Home Office,2026-01-25,2026-02-27
425,Robert Wise,pmurphy@example.net,Bahamas,East Lisashire,Consumer,2025-12-18,2026-02-27
426,Charles Hernandez,peter97@example.org,Costa Rica,Kevinport,Corporate,2025-12-29,2026-02-27
427,Suzanne Mooney,carrwilliam@example.org,Timor-Leste,Bryanside,Corporate,2026-02-03,2026-02-27
428,Veronica Rodriguez,michelle36@example.net,Nauru,Garrettfurt,Home Office,2024-12-20,2026-02-27
429,Christopher Taylor,xbridges@example.com,Cape Verde,Whitneyberg,Consumer,2024-06-05,2026-02-27
430,Nathan Tucker,iproctor@example.org,Burundi,Daltonchester,Home Office,2025-05-27,2026-02-27
431,Robert Cruz,jacobjacobs@example.net,Luxembourg,Lake Walter,Corporate,2024-12-23,2026-02-27
432,William Carroll,daniel71@example.org,Saint Lucia,Stevenland,Consumer,2025-03-16,2026-02-27
433,Mark Alvarado,suttonamber@example.net,Georgia,West Amandatown,Home Office,2025-02-04,2026-02-27
434,Nicholas Fisher,keith09@example.net,Gabon,Bryanfort,Home Office,2025-04-25,2026-02-27
435,Dorothy Mclaughlin,mitchellchristopher@example.net,Belarus,Johnathanview,Corporate,2024-09-15,2026-02-27
436,Lindsey Kent,donnawood@example.org,Eritrea,South Henry,Home Office,2025-03-18,2026-02-27
437,Dr. Linda Underwood,amullins@example.com,Dominica,Barberburgh,Corporate,2024-07-30,2026-02-27
438,Martin Campos,williamssteven@example.com,Gabon,Reeseside,Corporate,2024-08-16,2026-02-27
439,Dennis Moreno,zsmith@example.com,Hong Kong,Suzanneton,Consumer,2024-05-09,2026-02-27
440,Ryan Bishop,matthew41@example.com,Palau,Murraybury,Consumer,2025-08-17,2026-02-27
441,George Vaughn,lawrencesmith@example.org,Switzerland,North Roberthaven,Home Office,2024-05-13,2026-02-27
442,Douglas Lee,harveybrian@example.net,Palestinian Territory,New Danielle,Corporate,2025-07-28,2026-02-27
443,Beverly Douglas,pauladominguez@example.com,French Polynesia,Guerreroland,Corporate,2025-06-08,2026-02-27
444,Jeffery Berger,jonathan14@example.org,Hong Kong,Cookton,Consumer,2024-09-03,2026-02-27
445,Benjamin Krause,chelseywhite@example.com,Botswana,New Kayla,Consumer,2024-08-05,2026-02-27
446,Michelle Garcia,jonesjessica@example.com,Andorra,Hernandeztown,Corporate,2026-01-09,2026-02-27
447,Michael Conway,robertsonshelby@example.com,Lesotho,Powellland,Consumer,2025-03-28,2026-02-27
448,Sabrina Olson,mathew46@example.org,Norfolk Island,West Amandamouth,Home Office,2024-04-26,2026-02-27
449,Maria Thompson,poncedonna@example.com,Qatar,Mosleystad,Corporate,2025-02-17,2026-02-27
450,Collin Johnson,cortezbrittany@example.com,Iceland,Port Amberport,Consumer,2025-02-26,2026-02-27
451,Tracy Smith,brian06@example.org,Croatia,Bentleyside,Home Office,2024-06-15,2026-02-27
452,Amanda Thomas,ruizsamantha@example.org,Ecuador,North Gerald,Corporate,2024-04-04,2026-02-27
453,Joy Jackson,meyersdaniel@example.com,Nepal,North Linda,Home Office,2025-01-04,2026-02-27
454,Miss Erika Daugherty,marcoconnell@example.org,Serbia,New Glennland,Home Office,2024-05-26,2026-02-27
455,Michael Tran,lsanchez@example.org,Burkina Faso,Port Melaniefurt,Corporate,2025-09-17,2026-02-27
456,Mr. Christopher Davis,robert72@example.org,Cambodia,Alexandrachester,Home Office,2024-08-20,2026-02-27
457,Linda Love,burtonkimberly@example.com,Italy,New Joeville,Consumer,2026-02-17,2026-02-27
458,Shari Hatfield,stevensims@example.org,Falkland Islands (Malvinas),East Danielberg,Consumer,2025-07-12,2026-02-27
459,Christopher Santiago,brownmichael@example.org,Jordan,Matthewmouth,Consumer,2024-03-30,2026-02-27
460,Casey Floyd,erobertson@example.org,Saint Helena,Watkinsmouth,Home Office,2024-12-29,2026-02-27
461,Crystal Rodriguez,coreyrojas@example.org,Honduras,North Thomas,Consumer,2025-02-15,2026-02-27
462,Timothy Gibson,dbrooks@example.net,Congo,Theresaborough,Home Office,2024-10-30,2026-02-27
463,Diana Rodriguez,kellis@example.com,Cyprus,Cassandraburgh,Consumer,2025-04-25,2026-02-27
464,Jason Boyd,brittanyhood@example.com,American Samoa,Fitzgeraldbury,Corporate,2024-08-26,2026-02-27
465,Timothy Shah,butlerbradley@example.com,Saint Martin,South Amandafort,Home Office,2025-10-11,2026-02-27
466,Jon Miller,steelerichard@example.org,Bulgaria,Kennethland,Home Office,2024-03-10,2026-02-27
467,Joe Hudson,braysteven@example.org,Tunisia,Lopezstad,Consumer,2025-05-30,2026-02-27
468,Mark Cruz,alyssa46@example.com,Qatar,Port Gail,Corporate,2025-05-25,2026-02-27
469,Kayla Kent,pamela16@example.com,Lao People's Democratic Republic,West Michaelside,Consumer,2025-07-26,2026-02-27
470,Brenda Rogers,banksjo@example.net,Tunisia,Port Julie,Consumer,2024-08-10,2026-02-27
471,Michael Ramirez,watsonshaun@example.net,Malta,South Jenniferside,Corporate,2025-12-15,2026-02-27
472,Michael Steele,lopeznicole@example.org,Belgium,Hurstport,Corporate,2026-01-27,2026-02-27
473,Brian Hernandez,nancymeyer@example.net,Angola,Robertside,Consumer,2026-01-08,2026-02-27
474,Oscar Smith,bryanwiggins@example.org,Syrian Arab Republic,Robertmouth,Corporate,2025-06-20,2026-02-27
475,Mr. Joseph Kelley,itorres@example.com,Chile,Jeremystad,Consumer,2026-02-05,2026-02-27
476,Harry Bryant,christinemartin@example.net,France,East Mary,Home Office,2025-07-17,2026-02-27
477,David Williams,autumn74@example.com,Colombia,New Jasmine,Consumer,2025-06-27,2026-02-27
478,Jerry Cantrell,david06@example.com,Seychelles,South Sarah,Home Office,2024-06-20,2026-02-27
479,Katie Holland,thomas49@example.net,Cameroon,Morganville,Consumer,2025-08-15,2026-02-27
480,Juan Parker,owilliamson@example.com,Guinea-Bissau,West Brianborough,Corporate,2025-04-28,2026-02-27
481,Diana Johnson,frhodes@example.net,India,South Louis,Home Office,2025-05-14,2026-02-27
482,Heather Hernandez,xwood@example.org,Finland,Michaelmouth,Corporate,2025-11-27,2026-02-27
483,Jill Riddle,achandler@example.org,Syrian Arab Republic,East Jaredfort,Home Office,2026-02-18,2026-02-27
484,Timothy Garza,adavis@example.net,United States Virgin Islands,Robertside,Home Office,2025-01-30,2026-02-27
485,Christina Collier,angela04@example.net,Gabon,Hansenmouth,Consumer,2024-08-09,2026-02-27
486,Eric Davidson,qmartinez@example.com,Israel,South Rebecca,Consumer,2025-06-12,2026-02-27
487,Katherine Arellano,bianca96@example.com,Niue,Mccannville,Consumer,2024-11-26,2026-02-27
488,David Perkins,luisjohns@example.org,Guinea-Bissau,North Joseph,Consumer,2024-12-30,2026-02-27
489,Dylan Moreno,palmerkatie@example.org,Serbia,New Karenside,Corporate,2024-10-20,2026-02-27
490,Rebecca Nelson,cody95@example.org,American Samoa,New Juan,Consumer,2025-09-18,2026-02-27
491,Carla Robinson,mariepope@example.net,Nicaragua,South Stevenland,Consumer,2024-05-23,2026-02-27
492,Gregory Vazquez,lisapreston@example.net,Mali,Geraldport,Home Office,2024-03-19,2026-02-27
493,Scott Thomas,kyleclark@example.org,Jamaica,North Andrewfort,Corporate,2025-09-02,2026-02-27
494,Ricky Palmer,harrisonrebekah@example.org,Bahrain,Elizabethville,Corporate,2025-09-21,2026-02-27
495,Steven Lopez,anthony24@example.net,Guernsey,Ethanhaven,Home Office,2025-09-19,2026-02-27
496,Andrea Weiss,ricejennifer@example.com,Chile,Lake Coreyborough,Home Office,2025-12-30,2026-02-27
497,Michael Lopez,whitemichael@example.com,Jamaica,New Jeremy,Consumer,2024-05-20,2026-02-27
498,Brian Taylor,janet80@example.org,Greece,Wilsonport,Corporate,2025-01-26,2026-02-27
499,Sarah Perez,broberts@example.org,Togo,Port Leahstad,Consumer,2024-07-07,2026-02-27
500,Brian Kim DDS,wilsonralph@example.net,Nauru,Lake Saraburgh,Home Office,2024-04-15,2026-02-27
501,Kurt Ewing,hallroger@example.com,Fiji,Katelynfurt,Consumer,2024-11-13,2026-02-27
502,Victoria Dixon,katrinarodriguez@example.com,Liechtenstein,Hallberg,Corporate,2024-03-20,2026-02-27
503,Kathleen Johnson,patrickshelton@example.org,Gabon,Port Charleshaven,Consumer,2025-09-10,2026-02-27
504,Matthew Henry,amy88@example.org,Zambia,South Nicoleville,Corporate,2024-12-04,2026-02-27
505,Joe Johnson,nicole27@example.com,Burkina Faso,Jenniferfort,Consumer,2025-09-07,2026-02-27
506,Juan Ryan MD,williammyers@example.com,Nauru,Jensenstad,Consumer,2025-09-09,2026-02-27
507,Kevin Anderson,oscar65@example.com,Isle of Man,Brianbury,Corporate,2024-08-26,2026-02-27
508,Susan Jones,danny20@example.net,Greece,South Dianechester,Corporate,2025-04-17,2026-02-27
509,Michael Chapman,nicholas65@example.net,Bolivia,Garciaborough,Corporate,2024-10-30,2026-02-27
510,Gina Mendez,tara37@example.net,Tanzania,Port Melissaborough,Consumer,2024-09-24,2026-02-27
511,Jennifer Perez PhD,robbinsbelinda@example.net,Guadeloupe,Carloshaven,Consumer,2025-02-08,2026-02-27
512,Marisa Turner,ryan85@example.org,Israel,Kinghaven,Consumer,2025-01-23,2026-02-27
513,Albert Warner,barbaralewis@example.net,Wallis and Futuna,Adamsside,Home Office,2025-10-10,2026-02-27
514,Taylor Barber,boydmichael@example.org,Dominican Republic,Lake Gina,Consumer,2024-10-04,2026-02-27
515,Ronald Brown,meghanadams@example.com,Oman,West Gloria,Corporate,2024-08-18,2026-02-27
516,Alexis Robles,steven86@example.com,Oman,East Erikberg,Corporate,2024-03-20,2026-02-27
517,Juan Newman,stuarttodd@example.org,Azerbaijan,West Carolynland,Corporate,2025-12-16,2026-02-27
518,Matthew Davis,joelduncan@example.net,Venezuela,New Elizabethshire,Consumer,2026-01-21,2026-02-27
519,Stephen Young,mejialawrence@example.net,Saint Pierre and Miquelon,Shafferbury,Corporate,2026-01-10,2026-02-27
520,Daniel Hill,lking@example.org,Liechtenstein,Hollyville,Corporate,2024-10-16,2026-02-27
521,Tracey Suarez,michaelbaldwin@example.com,Angola,Port Joditon,Home Office,2025-07-16,2026-02-27
522,Juan Parker,rebecca18@example.org,Togo,Pricefurt,Home Office,2026-01-05,2026-02-27
523,Timothy Sherman,jason27@example.net,Ghana,Mccormickview,Corporate,2025-11-21,2026-02-27
524,Kaitlin Gutierrez,jennifer12@example.net,Eritrea,West Robertside,Home Office,2025-08-19,2026-02-27
525,Anthony May,igibbs@example.org,Iran,Lake Kevin,Home Office,2025-04-23,2026-02-27
526,Micheal Saunders,melaniejennings@example.com,Korea,Russoberg,Corporate,2024-09-05,2026-02-27
527,Rebecca Gonzalez,zrichardson@example.com,Western Sahara,North Stacy,Consumer,2026-01-01,2026-02-27
528,Susan Mccann,josechristian@example.org,Iran,Burkeberg,Consumer,2024-05-03,2026-02-27
529,Autumn Higgins,dayala@example.net,Lithuania,East Jenniferborough,Corporate,2026-01-18,2026-02-27
530,Paul Reyes,mgates@example.org,Swaziland,Jessicaborough,Consumer,2024-12-29,2026-02-27
531,Dylan Green,xsolomon@example.net,Poland,Millerfort,Home Office,2024-06-04,2026-02-27
532,Melissa Reeves,qfitzgerald@example.org,Bhutan,North Marvinbury,Corporate,2025-02-05,2026-02-27
533,Megan Pham,smithwilliam@example.com,Gabon,Lambertberg,Consumer,2026-02-03,2026-02-27
534,Debbie Gordon,natalie21@example.com,Russian Federation,Thomasville,Consumer,2024-10-13,2026-02-27
535,Dr. Douglas Ward MD,chloe48@example.com,Jordan,West Jillian,Home Office,2025-02-20,2026-02-27
536,Tammy Fields,jbrown@example.org,Denmark,North Thomas,Corporate,2024-06-26,2026-02-27
537,Steven Simpson,tkelly@example.net,Libyan Arab Jamahiriya,Vasquezberg,Corporate,2024-05-28,2026-02-27
538,Catherine Jackson,anna93@example.net,Albania,South Samantha,Home Office,2024-08-25,2026-02-27
539,Gary Mitchell,longbrittany@example.org,Taiwan,Ericland,Corporate,2025-01-28,2026-02-27
540,Mark Adams,riverabradley@example.net,Zambia,Nguyenshire,Corporate,2024-06-01,2026-02-27
541,Diane Yates,paynecarrie@example.org,Iran,Gregoryfurt,Home Office,2024-05-03,2026-02-27
542,Richard Mitchell,davidhenry@example.com,Saint Pierre and Miquelon,Rebeccaberg,Home Office,2024-11-16,2026-02-27
543,Curtis Griffin,kalvarez@example.net,Jamaica,Port Robertostad,Consumer,2025-05-21,2026-02-27
544,Andrew Peterson,prhodes@example.net,Rwanda,South Alison,Corporate,2025-06-14,2026-02-27
545,Bob Solis,edgar24@example.org,Mali,Phillipston,Home Office,2025-04-05,2026-02-27
546,Kayla Gutierrez,kguerrero@example.com,Guinea,Brendahaven,Consumer,2024-03-10,2026-02-27
547,Richard Cameron,millernancy@example.com,Germany,Toddmouth,Corporate,2025-05-28,2026-02-27
548,Shelby Lopez,christianhendrix@example.com,Tunisia,South Amandatown,Consumer,2024-12-12,2026-02-27
549,Julia Sullivan,nturner@example.com,Portugal,Ballardland,Home Office,2024-05-29,2026-02-27
550,Alan Waller,clarkdeborah@example.net,Dominican Republic,Wilkinsonside,Corporate,2024-07-16,2026-02-27
551,John Johnson,rachelrodgers@example.com,Libyan Arab Jamahiriya,Smithmouth,Consumer,2025-04-30,2026-02-27
552,Sandra Williams,garciamelanie@example.com,Israel,Mclaughlinside,Home Office,2026-02-26,2026-02-27
553,Jose Hardy,dhall@example.net,Andorra,Rayside,Home Office,2024-04-14,2026-02-27
554,John Simpson,shane60@example.org,France,South Maurice,Home Office,2024-08-15,2026-02-27
555,Gina Guzman,sanderson@example.net,Rwanda,Moyerstad,Home Office,2025-10-01,2026-02-27
556,Lisa Campbell,estradadavid@example.org,Cayman Islands,Garciachester,Home Office,2026-01-16,2026-02-27
557,Justin Kidd,nicole52@example.org,Sweden,Port Brycechester,Home Office,2024-05-21,2026-02-27
558,Katelyn Chaney,kayla84@example.org,Timor-Leste,Lake Brentmouth,Home Office,2025-10-03,2026-02-27
559,Vanessa Harrington,colonbobby@example.org,Chad,Port Jamiestad,Consumer,2024-06-21,2026-02-27
560,Jonathan Oconnor,mooremichael@example.org,British Virgin Islands,South Tara,Corporate,2025-09-11,2026-02-27
561,Kara Mitchell,christopherwatson@example.com,Guyana,East Karen,Corporate,2025-03-20,2026-02-27
562,Jeffrey Hardin,hcrane@example.net,Guyana,South Dustintown,Consumer,2025-08-04,2026-02-27
563,George Morales,ryanlong@example.org,Panama,New Brian,Home Office,2025-06-03,2026-02-27
564,Kelly Phillips,sblackwell@example.net,Tunisia,Jennifermouth,Corporate,2025-12-22,2026-02-27
565,Joseph Knapp,ngriffin@example.net,Nigeria,Terryfurt,Home Office,2025-09-16,2026-02-27
566,Joshua Price,abigailfernandez@example.org,Bermuda,Adrienneburgh,Corporate,2024-03-16,2026-02-27
567,Deanna Collier,jessica81@example.net,Bahamas,Jordanhaven,Home Office,2024-11-12,2026-02-27
568,Belinda Evans,chaveztonya@example.net,Mozambique,West Kevin,Consumer,2025-06-28,2026-02-27
569,Brenda Gray,danielblack@example.org,Swaziland,Shawnberg,Home Office,2025-07-31,2026-02-27
570,Antonio Beasley,elewis@example.com,Philippines,Chapmanhaven,Corporate,2025-09-18,2026-02-27
571,Mallory Barajas,adennis@example.org,Cambodia,South Jennifer,Home Office,2024-06-01,2026-02-27
572,Bailey Lewis,kjohnson@example.net,Heard Island and McDonald Islands,New Melissaville,Corporate,2024-05-26,2026-02-27
573,Christian Watson,kevin70@example.org,Cambodia,Williamsport,Home Office,2025-12-08,2026-02-27
574,Katherine Martinez,carlos06@example.com,Montserrat,Arielmouth,Corporate,2025-09-20,2026-02-27
575,Lisa Gill,qgill@example.com,Canada,Christopherchester,Corporate,2024-12-06,2026-02-27
576,Angel Santiago,pfitzgerald@example.org,Tonga,Lake Angel,Corporate,2025-06-01,2026-02-27
577,Matthew Schneider,leechristine@example.net,Saudi Arabia,New Aimeefort,Home Office,2025-02-28,2026-02-27
578,Kim Rivers,kristin39@example.com,Belize,Richardton,Corporate,2025-02-20,2026-02-27
579,Christopher Johnson,patrick11@example.org,Mauritius,West Douglas,Home Office,2024-09-01,2026-02-27
580,Jason Jackson,howard04@example.com,Bolivia,Douglasmouth,Consumer,2024-09-03,2026-02-27
581,Amber Allen,trevorgoodwin@example.com,Zambia,West Brucemouth,Consumer,2025-04-06,2026-02-27
582,Mark Mcintyre,adamstabitha@example.net,Bolivia,Port Angela,Corporate,2025-09-23,2026-02-27
583,Bradley Fields,kristathomas@example.net,Chile,New Stephanie,Home Office,2026-01-29,2026-02-27
584,Robert Woodward,denise20@example.org,Venezuela,Nelsonview,Corporate,2025-11-01,2026-02-27
585,Mark Richards,brandon89@example.org,French Southern Territories,South Hollyberg,Home Office,2025-08-10,2026-02-27
586,Christine Wagner,nicole54@example.net,Korea,Johnmouth,Home Office,2024-11-03,2026-02-27
587,Alexis Holt,lynchadam@example.org,Peru,South Angela,Consumer,2025-07-20,2026-02-27
588,Brad Mcdowell,ryanpatricia@example.net,Kenya,West Teresafurt,Home Office,2025-10-24,2026-02-27
589,Randy Terry,martinezmitchell@example.org,Kenya,East Juliaview,Home Office,2025-07-08,2026-02-27
590,Robert Garrett,jimsnyder@example.com,Argentina,Trevorborough,Corporate,2024-03-04,2026-02-27
591,Ashley Ramirez,mjackson@example.net,Saint Vincent and the Grenadines,North Brianna,Corporate,2025-08-25,2026-02-27
592,Savannah Ibarra,james08@example.net,El Salvador,Smithchester,Home Office,2025-06-09,2026-02-27
593,Todd Reynolds,rhill@example.net,Lao People's Democratic Republic,Wardton,Consumer,2025-12-04,2026-02-27
594,Jason Cole,myersmatthew@example.net,Sri Lanka,Lake Jeremiahchester,Corporate,2026-01-27,2026-02-27
595,Gary Brown,johnsonryan@example.org,Nauru,Marybury,Corporate,2024-05-16,2026-02-27
596,Anthony Cook,sherryparsons@example.net,Kazakhstan,Lake Seanville,Consumer,2024-04-30,2026-02-27
597,Erik Abbott,pattonbryan@example.com,Azerbaijan,Cherylchester,Corporate,2024-04-16,2026-02-27
598,Elizabeth James,williamsonrobert@example.net,Solomon Islands,South Patrickchester,Home Office,2025-12-01,2026-02-27
599,Timothy Logan,lholmes@example.org,Botswana,North Brookeland,Home Office,2025-05-05,2026-02-27
600,Beth Hicks,robert97@example.org,Ecuador,Port Bradley,Home Office,2024-05-31,2026-02-27
601,Marissa Howard,dylanparker@example.com,French Guiana,Tarahaven,Corporate,2025-05-01,2026-02-27
602,Jonathon Conley,hendersonjames@example.org,Northern Mariana Islands,Port Casey,Corporate,2024-07-15,2026-02-27
603,Julie Schwartz,christina65@example.org,Bosnia and Herzegovina,Walterton,Corporate,2025-02-24,2026-02-27
604,Melissa Owens,johnnavarro@example.com,Sri Lanka,Harrisburgh,Corporate,2025-10-23,2026-02-27
605,Hunter Spencer,kellylee@example.net,United States Minor Outlying Islands,Bradleytown,Home Office,2024-07-22,2026-02-27
606,Dennis Thompson,gregorysmith@example.com,United States Minor Outlying Islands,North Marieberg,Consumer,2024-11-30,2026-02-27
607,Timothy Torres,mikewatson@example.org,Wallis and Futuna,Johnsland,Home Office,2024-05-24,2026-02-27
608,Colton Patel,louis63@example.org,Serbia,Port Amanda,Corporate,2025-09-26,2026-02-27
609,Robert Salas,fclark@example.com,Somalia,East Williamhaven,Home Office,2024-11-27,2026-02-27
610,Micheal Fox,fbaldwin@example.com,Ethiopia,Littleshire,Consumer,2025-06-16,2026-02-27
611,Jodi Young,kevinoneal@example.net,Cayman Islands,Jonathanland,Home Office,2024-06-05,2026-02-27
612,Gregory Silva,vhunt@example.com,Korea,Reynoldsstad,Consumer,2025-10-07,2026-02-27
613,Christopher Hall,howardchristopher@example.net,Malaysia,Port Joshuabury,Corporate,2024-05-09,2026-02-27
614,Curtis Gonzalez,john43@example.net,Netherlands,Port Karen,Home Office,2025-08-21,2026-02-27
615,Elijah Short,lbautista@example.net,American Samoa,Valdezberg,Home Office,2025-11-20,2026-02-27
616,Christine Hall,dsharp@example.com,Somalia,West Meganchester,Home Office,2025-09-12,2026-02-27
617,Jerry Hansen,don24@example.net,Algeria,Cochranstad,Home Office,2024-11-02,2026-02-27
618,Jennifer Osborne,mark09@example.org,Uzbekistan,East Tiffany,Corporate,2026-02-22,2026-02-27
619,Susan Berry,nbaird@example.com,Bahrain,Lopezville,Consumer,2024-10-25,2026-02-27
620,Elizabeth Jackson,antoniobarker@example.com,Anguilla,East Chad,Consumer,2026-01-30,2026-02-27
621,Matthew Jones,woodalex@example.com,Tokelau,Myersville,Home Office,2024-06-01,2026-02-27
622,Jasmine Berger,davidharris@example.com,Svalbard & Jan Mayen Islands,Mooreshire,Corporate,2026-01-13,2026-02-27
623,Melinda Hill,rittersean@example.com,Netherlands,New Mark,Consumer,2025-04-18,2026-02-27
624,Andrew Davis,treed@example.com,India,South John,Consumer,2025-12-15,2026-02-27
625,Thomas White,longsonya@example.org,Turks and Caicos Islands,West Nicole,Consumer,2025-03-26,2026-02-27
626,Nicholas Barrera,wjenkins@example.net,British Virgin Islands,Charlesville,Consumer,2025-03-02,2026-02-27
627,Christopher Clark,murraycharles@example.net,Peru,Jamesfurt,Consumer,2025-11-13,2026-02-27
628,Brian Stark,ellen77@example.com,Bangladesh,New Dianemouth,Consumer,2024-06-09,2026-02-27
629,Carolyn Smith,thompsondavid@example.net,India,North Emily,Corporate,2024-03-07,2026-02-27
630,Christopher Klein,scottwilliams@example.net,Sudan,South Hannahmouth,Home Office,2024-04-06,2026-02-27
631,Pamela Mcfarland,regina31@example.org,Italy,North Matthewborough,Consumer,2025-07-08,2026-02-27
632,Anne Conley,jenniferwilliams@example.net,Botswana,Marcusborough,Corporate,2025-05-29,2026-02-27
633,Jeffrey Hall,kellyglenn@example.com,Palau,Alexanderborough,Corporate,2025-01-27,2026-02-27
634,Marie Wood,mcclurerobert@example.net,Luxembourg,Lake Amandashire,Home Office,2024-07-02,2026-02-27
635,Vicki Horton,martinreid@example.net,Ghana,Jonestown,Home Office,2025-05-17,2026-02-27
636,Martin Hall,hallchristina@example.org,Georgia,Lake Roy,Consumer,2024-08-23,2026-02-27
637,Jonathan Harris,charris@example.org,Uzbekistan,Stevensonmouth,Home Office,2024-06-05,2026-02-27
638,Amanda Conner,swong@example.org,Denmark,Matthewborough,Home Office,2025-03-27,2026-02-27
639,Danielle Mcdaniel,cathyjames@example.com,Cocos (Keeling) Islands,Sotoland,Corporate,2025-11-24,2026-02-27
640,Mark Thomas,davidthompson@example.net,Switzerland,East William,Corporate,2025-01-04,2026-02-27
641,Craig Coleman,kevinray@example.net,Cook Islands,Michellefort,Corporate,2024-04-26,2026-02-27
642,Christopher Alexander,ywolf@example.com,Angola,Simmonsland,Consumer,2025-09-03,2026-02-27
643,Brittany Barber,oscar47@example.com,Honduras,Jonesberg,Consumer,2025-08-02,2026-02-27
644,April Hensley,travis66@example.net,Holy See (Vatican City State),Burnsshire,Home Office,2024-04-20,2026-02-27
645,Belinda Frederick MD,xkrueger@example.net,Guernsey,Reidstad,Home Office,2025-07-20,2026-02-27
646,Nancy Allen,dorseymichael@example.net,Philippines,Lake Elizabethberg,Consumer,2024-09-05,2026-02-27
647,Dawn Guzman,alexanderwise@example.net,Rwanda,Sandersshire,Consumer,2026-02-08,2026-02-27
648,Sherri Martin,tking@example.net,Martinique,Willischester,Corporate,2025-08-30,2026-02-27
649,Ashley Armstrong,lisa43@example.net,Indonesia,Adamburgh,Consumer,2025-10-15,2026-02-27
650,Michael Warren,jessica22@example.com,Colombia,East Tom,Consumer,2025-02-28,2026-02-27
651,Christy Harris,lisalee@example.com,Kazakhstan,Port Danaland,Home Office,2024-09-28,2026-02-27
652,Gordon Richards,wwashington@example.org,Algeria,West Karentown,Home Office,2025-06-27,2026-02-27
653,Daniel Conner,wmorrison@example.com,Venezuela,Kennedymouth,Corporate,2025-05-14,2026-02-27
654,Grace Edwards,shelleyortega@example.com,New Zealand,West Morganville,Consumer,2024-03-01,2026-02-27
655,Russell Buckley,guzmanmisty@example.com,Zambia,West Shannon,Home Office,2025-07-12,2026-02-27
656,Mary Smith,allen50@example.net,Greece,Hallfort,Consumer,2024-12-16,2026-02-27
657,Jeffrey Huynh,shatfield@example.org,Saint Martin,Carterborough,Consumer,2025-07-31,2026-02-27
658,Rachel Moran,andersonlaura@example.com,Syrian Arab Republic,Jacksonmouth,Corporate,2026-01-25,2026-02-27
659,Dana Jackson,garciavictoria@example.org,Central African Republic,Ravenview,Consumer,2024-08-06,2026-02-27
660,Steven Martinez,sandraschultz@example.com,Bermuda,Monicashire,Corporate,2025-09-09,2026-02-27
661,Jamie Love,yvaldez@example.net,Togo,Stokesbury,Home Office,2024-09-04,2026-02-27
662,Gerald Vargas,juliewilson@example.com,Brunei Darussalam,Stephanieshire,Home Office,2025-08-18,2026-02-27
663,Cheryl Price,xflores@example.net,Vietnam,New Elizabeth,Home Office,2025-05-04,2026-02-27
664,Samuel Stewart,mary77@example.org,Netherlands Antilles,Dustinton,Home Office,2025-05-10,2026-02-27
665,Becky Shea DDS,nwelch@example.com,French Guiana,Brownmouth,Corporate,2024-06-18,2026-02-27
666,Taylor Walker,leblanckimberly@example.com,Saint Lucia,Evansburgh,Corporate,2026-02-20,2026-02-27
667,Michael Mooney,hmyers@example.net,Finland,Heatherborough,Home Office,2025-07-23,2026-02-27
668,Frank Moody,hornjenna@example.com,Palau,New Devin,Home Office,2025-07-20,2026-02-27
669,Daniel Goodman,coxmelissa@example.org,Philippines,South Stephanie,Home Office,2025-01-04,2026-02-27
670,Anne Mccann,sierrawilson@example.net,Pakistan,Brittneyberg,Corporate,2025-05-30,2026-02-27
671,David Burns,denisebennett@example.net,South Africa,Port Stevenfurt,Home Office,2024-09-15,2026-02-27
672,Bryan Miller,gmay@example.org,Angola,Hillville,Corporate,2025-09-29,2026-02-27
673,Mr. Jeffrey Duncan,nguyenjennifer@example.net,Colombia,Hesstown,Consumer,2024-12-11,2026-02-27
674,Kerri Brown,molinajared@example.net,Ukraine,East Michelleburgh,Home Office,2024-03-02,2026-02-27
675,Andrew Andrews,christopherscott@example.org,Belize,New Kennethside,Corporate,2024-07-02,2026-02-27
676,Danielle Williams,donna72@example.net,Liechtenstein,Alexandrastad,Corporate,2025-05-15,2026-02-27
677,Mary Williams,lopezkevin@example.org,Burkina Faso,New Michael,Corporate,2024-05-31,2026-02-27
678,David James,ricardomiller@example.com,Philippines,Bentleyberg,Consumer,2025-03-25,2026-02-27
679,Whitney Terry,jenniferelliott@example.net,Swaziland,South Lorraine,Home Office,2024-10-15,2026-02-27
680,Victor Wright,david18@example.com,Bahrain,Daniellestad,Corporate,2025-12-22,2026-02-27
681,Robert Hill,bennetttanya@example.com,Zambia,Port Saraburgh,Home Office,2025-03-18,2026-02-27
682,Renee Davis,jackie48@example.com,New Caledonia,North Georgefurt,Corporate,2024-07-08,2026-02-27
683,Rachel Arnold,iwoods@example.com,Algeria,Lake David,Home Office,2024-11-30,2026-02-27
684,Nicholas Villegas,erikabarnes@example.com,Cocos (Keeling) Islands,Andersenmouth,Consumer,2025-02-28,2026-02-27
685,Todd Keith,kevinhodge@example.com,Ireland,Meganland,Corporate,2024-04-23,2026-02-27
686,Kenneth Miller,angela70@example.com,Philippines,South Tyler,Corporate,2025-07-12,2026-02-27
687,Belinda Smith,rhondareese@example.net,Jamaica,Johnhaven,Consumer,2025-07-11,2026-02-27
688,Christopher Conrad,gregoryrichardson@example.org,Malaysia,Stephaniechester,Home Office,2025-02-23,2026-02-27
689,Gail Shelton,robertstimothy@example.com,Croatia,Lake Crystalfurt,Corporate,2024-08-04,2026-02-27
690,Maria Petersen,wallspatricia@example.com,Azerbaijan,Adammouth,Consumer,2024-10-24,2026-02-27
691,Steve Lopez,alan67@example.org,Belize,South David,Corporate,2025-02-17,2026-02-27
692,Courtney Foster,michael28@example.com,Botswana,Douglasmouth,Corporate,2024-06-25,2026-02-27
693,Ian Harrell,danielmitchell@example.org,Indonesia,Mannington,Corporate,2024-06-24,2026-02-27
694,Maurice Baker,fburns@example.net,Rwanda,West Karen,Home Office,2025-09-19,2026-02-27
695,Natalie Petersen,danielrodriguez@example.org,Brunei Darussalam,West Vincent,Consumer,2025-09-10,2026-02-27
696,Gloria Bray,hamiltonkeith@example.com,Belize,Wrightberg,Consumer,2025-08-13,2026-02-27
697,Brian Baker,elizabethpatterson@example.com,Romania,Lake Jessicaburgh,Consumer,2024-07-14,2026-02-27
698,Brittany Martinez,msmith@example.org,Tonga,South Richardport,Consumer,2025-07-23,2026-02-27
699,Jeffery Brown,tschneider@example.org,Ethiopia,Juanstad,Corporate,2025-07-31,2026-02-27
700,Catherine Smith,jason74@example.net,Bolivia,Lopezfort,Home Office,2024-11-19,2026-02-27
701,Adam Arnold,markfigueroa@example.com,Samoa,Johnview,Consumer,2024-07-30,2026-02-27
702,Bianca Newton,williamstanya@example.net,Svalbard & Jan Mayen Islands,East Janet,Home Office,2026-01-03,2026-02-27
703,Grace Swanson,amandahernandez@example.org,Congo,Pierceview,Consumer,2025-12-09,2026-02-27
704,Kristina Reed,shane16@example.org,Liberia,Millshaven,Consumer,2025-09-27,2026-02-27
705,Walter Roberts,bauerheather@example.net,Suriname,Simpsonside,Corporate,2025-11-24,2026-02-27
706,Paul Cruz,rmorales@example.org,Colombia,East Ashleyshire,Corporate,2025-07-20,2026-02-27
707,Joy Zimmerman,kevin34@example.net,Ethiopia,East Jeffreyside,Corporate,2024-08-19,2026-02-27
708,Stephen Ho,morgan03@example.org,Martinique,North Deborahstad,Home Office,2024-10-21,2026-02-27
709,Deborah Anderson,mark00@example.com,Cyprus,Gregorytown,Corporate,2025-03-26,2026-02-27
710,Phyllis Rodriguez,qbautista@example.net,North Macedonia,Port Scott,Corporate,2024-10-21,2026-02-27
711,Shannon Foster,uhall@example.com,Heard Island and McDonald Islands,South Clayton,Consumer,2024-07-09,2026-02-27
712,Chelsea Henry,deborahsmith@example.org,Turks and Caicos Islands,Port Phillip,Consumer,2025-05-16,2026-02-27
713,David Stout,hgarcia@example.org,Saint Lucia,New Coryfurt,Corporate,2024-03-14,2026-02-27
714,Maria Williams,kaylaadams@example.net,Netherlands Antilles,Port Tammyville,Corporate,2025-03-29,2026-02-27
715,Angela Taylor,tochoa@example.com,Lesotho,East Brian,Home Office,2025-07-17,2026-02-27
716,Roger Garcia,curtis62@example.org,United States Minor Outlying Islands,North Jeremy,Home Office,2024-12-05,2026-02-27
717,Thomas Cohen,vasquezvicki@example.org,Bosnia and Herzegovina,Michaelmouth,Consumer,2024-05-24,2026-02-27
718,Stephanie Munoz,royrogers@example.org,Philippines,Hernandezport,Home Office,2025-05-29,2026-02-27
719,Denise Porter,sarah10@example.org,Slovakia (Slovak Republic),West Dylan,Corporate,2025-01-19,2026-02-27
720,Robin Wilson,rmoyer@example.org,Bermuda,Wandaburgh,Corporate,2025-09-10,2026-02-27
721,John Dudley DDS,devon36@example.com,Mexico,Ryanfort,Consumer,2025-03-22,2026-02-27
722,Kevin Fisher,jacquelineyoung@example.org,Costa Rica,West Angelaberg,Corporate,2025-12-31,2026-02-27
723,Samuel Delacruz,kenneththomas@example.net,Venezuela,Sanchezbury,Corporate,2024-04-08,2026-02-27
724,Michele Bennett,hortonroger@example.org,Reunion,Lake Bonniefort,Corporate,2025-10-31,2026-02-27
725,Jacob Miller,smithmariah@example.com,Canada,South Julia,Corporate,2025-08-27,2026-02-27
726,Jason Rogers,mitchelleric@example.net,Antigua and Barbuda,New Ethan,Home Office,2024-12-13,2026-02-27
727,Jordan Dawson,samantha84@example.net,Denmark,Huynhview,Home Office,2026-02-07,2026-02-27
728,Beth Lewis,robinsonisaiah@example.net,Monaco,Port Heatherfort,Home Office,2024-10-13,2026-02-27
729,Carmen Pratt,glee@example.org,Belarus,Carriemouth,Home Office,2024-03-19,2026-02-27
730,Ana Harper,jacob30@example.org,Ethiopia,New Annetteshire,Home Office,2026-02-17,2026-02-27
731,Brandon Parker,karen68@example.org,Germany,Swansonberg,Consumer,2025-07-24,2026-02-27
732,Patrick Garcia,andrewflynn@example.com,Namibia,West Evanmouth,Corporate,2024-04-25,2026-02-27
733,Crystal Lewis,kaylamartin@example.net,Maldives,Sethberg,Consumer,2024-11-01,2026-02-27
734,Jessica Macdonald,nallen@example.net,Belarus,New Courtney,Corporate,2025-02-25,2026-02-27
735,Seth Payne,portershawn@example.org,Vietnam,Evanview,Corporate,2025-04-23,2026-02-27
736,Michael Murray,wgood@example.com,Pakistan,North Teresa,Corporate,2025-02-18,2026-02-27
737,Jason Harvey,scotthunt@example.net,Zambia,Nathanielchester,Consumer,2025-03-03,2026-02-27
738,Melanie Oliver,figueroajohn@example.net,Algeria,Port Daniel,Corporate,2024-11-28,2026-02-27
739,Courtney Sawyer,baileytaylor@example.net,United Arab Emirates,Rodriguezburgh,Corporate,2025-08-15,2026-02-27
740,Patricia Gonzalez,caleb59@example.com,Croatia,Wilsonmouth,Home Office,2024-03-26,2026-02-27
741,Mark Flores,huertakim@example.org,Vietnam,Kristinefort,Home Office,2024-08-01,2026-02-27
742,Peter Henderson,cynthia12@example.org,Falkland Islands (Malvinas),Millermouth,Corporate,2025-11-25,2026-02-27
743,Debbie Rivas,jacobsonroy@example.com,Chad,West Sheri,Home Office,2025-02-13,2026-02-27
744,Tracie Kim,jmorrow@example.net,Congo,Lake Elizabethberg,Consumer,2024-10-21,2026-02-27
745,Natalie Doyle,alexis72@example.com,Tonga,Danielchester,Corporate,2024-09-06,2026-02-27
746,Terri Mathews DDS,johnsonjulie@example.org,Italy,New Nicholas,Consumer,2024-11-08,2026-02-27
747,Laura Smith,allen48@example.org,Reunion,Banksmouth,Home Office,2024-12-26,2026-02-27
748,Jessica Dickson,daniel27@example.com,Holy See (Vatican City State),New Brooke,Home Office,2025-03-30,2026-02-27
749,Melissa Kim,jacqueline11@example.org,Benin,New Sarahville,Consumer,2025-02-24,2026-02-27
750,Ariana Wallace,contrerasmelissa@example.org,Czech Republic,Arnoldville,Corporate,2024-07-19,2026-02-27
751,Walter Sloan,podonnell@example.net,Slovenia,Smithstad,Home Office,2025-09-21,2026-02-27
752,Matthew Parker,anunez@example.com,Antigua and Barbuda,North Ericstad,Home Office,2025-11-02,2026-02-27
753,Emily Jackson,zallen@example.org,Nicaragua,Pooleshire,Home Office,2025-01-06,2026-02-27
754,Nicholas Powell,zachary63@example.org,Russian Federation,New David,Consumer,2025-04-24,2026-02-27
755,Sydney Hood,stacyharris@example.org,Anguilla,Smithshire,Consumer,2024-06-18,2026-02-27
756,Valerie Armstrong,newtondavid@example.com,North Macedonia,Jacobbury,Home Office,2024-10-01,2026-02-27
757,Richard Hartman,donna41@example.org,Niue,Lake Traciville,Corporate,2024-05-18,2026-02-27
758,Charles Green,christophersnyder@example.com,United States Minor Outlying Islands,South Craig,Consumer,2025-09-30,2026-02-27
759,Mr. Daniel Barnes,cynthia72@example.org,French Southern Territories,East Donnaton,Corporate,2024-05-23,2026-02-27
760,Zachary Greene,moorejudy@example.org,Congo,New Andrewhaven,Consumer,2025-09-05,2026-02-27
761,Steven Johnson,jeffreyluna@example.org,Ethiopia,Timothyland,Consumer,2024-11-08,2026-02-27
762,Patrick Simpson,qnielsen@example.org,Congo,Suzanneville,Corporate,2025-04-29,2026-02-27
763,Robert Mckay,chamilton@example.com,Nepal,Lisaville,Corporate,2025-05-16,2026-02-27
764,Jacqueline Chen,colepamela@example.net,El Salvador,Carterhaven,Corporate,2024-11-11,2026-02-27
765,Frank Gibbs,john35@example.com,Cameroon,Davidmouth,Consumer,2025-07-14,2026-02-27
766,Keith Morris,annacruz@example.net,Croatia,North Ann,Corporate,2025-08-03,2026-02-27
767,Megan Berry,bfleming@example.com,Suriname,Jameston,Corporate,2025-10-05,2026-02-27
768,Jennifer Martinez MD,brittany39@example.org,Finland,Lake Kristashire,Corporate,2026-02-18,2026-02-27
769,Ryan Powell,rogersallen@example.com,Bhutan,Cummingsview,Corporate,2024-10-16,2026-02-27
770,Raymond Snyder,longheather@example.com,Lithuania,Port Nathanielville,Corporate,2024-03-20,2026-02-27
771,Brian Morris,fperez@example.org,Saint Kitts and Nevis,Lisaside,Corporate,2026-02-19,2026-02-27
772,Debbie Glover,williamskevin@example.com,Greenland,Nelsonburgh,Corporate,2026-01-03,2026-02-27
773,Francisco Hernandez,qwalsh@example.org,Mali,New Timothy,Consumer,2025-02-19,2026-02-27
774,Karen Davis,jennifer58@example.org,Palestinian Territory,Lake Christian,Corporate,2026-02-06,2026-02-27
775,Daniel Cardenas,tonypeterson@example.net,Senegal,Kathleenport,Consumer,2025-07-29,2026-02-27
776,Ashley Anderson,paul79@example.net,Cook Islands,Lopezview,Home Office,2025-01-01,2026-02-27
777,Laura Garcia,vwalter@example.org,Dominican Republic,South Jacobtown,Home Office,2025-02-09,2026-02-27
778,Bryan Pierce,ryan26@example.net,Jersey,Brianview,Consumer,2024-11-23,2026-02-27
779,Timothy Lee,richardwheeler@example.net,New Caledonia,Stoneville,Corporate,2025-07-09,2026-02-27
780,Colleen Brown,johnstonjohn@example.net,Bolivia,Jeremyfurt,Consumer,2024-12-10,2026-02-27
781,Sherry Adams,georgeharris@example.net,France,Jessicaville,Home Office,2024-07-12,2026-02-27
782,Nancy Phelps,georgemaldonado@example.org,Colombia,Rachelberg,Consumer,2026-01-30,2026-02-27
783,Alex Mccann,jacksonkathleen@example.org,Nepal,Tarashire,Home Office,2024-02-28,2026-02-27
784,Andrew Smith,mary88@example.org,Saudi Arabia,Port Clifford,Consumer,2024-10-07,2026-02-27
785,Nicholas Fritz,elizabeth45@example.com,American Samoa,Kevinmouth,Consumer,2025-12-09,2026-02-27
786,Stephanie Larson,nelsonapril@example.net,Angola,South Melissa,Consumer,2025-06-23,2026-02-27
787,Mr. Patrick Mcpherson MD,leestephanie@example.net,Botswana,Natalieside,Consumer,2025-12-15,2026-02-27
788,Kelsey Baker,pamela69@example.com,Western Sahara,Kyleton,Consumer,2025-04-26,2026-02-27
789,Barbara Pope,keith07@example.net,Cameroon,Beckerhaven,Home Office,2026-02-02,2026-02-27
790,Elizabeth Roberts,alexis03@example.com,Sweden,North Tracytown,Consumer,2025-01-07,2026-02-27
791,David Bell,kristen88@example.org,Zimbabwe,Lake Josephborough,Consumer,2025-01-08,2026-02-27
792,Andrew Fitzpatrick,lisawalsh@example.com,Iran,West Samanthaport,Consumer,2024-07-03,2026-02-27
793,Regina Taylor,johnbutler@example.org,Gabon,Christophershire,Corporate,2026-01-04,2026-02-27
794,Richard Bass,taylorscott@example.com,Macao,Taylorchester,Home Office,2025-02-02,2026-02-27
795,Thomas Johnson,idavis@example.net,United States of America,Kristinshire,Consumer,2025-03-07,2026-02-27
796,Krystal Carter,qmartinez@example.org,Kyrgyz Republic,Combsland,Home Office,2024-04-07,2026-02-27
797,Felicia Davis,ariana50@example.org,Saint Vincent and the Grenadines,Lake Jamieberg,Consumer,2025-04-13,2026-02-27
798,Steven Bowman,kevincollins@example.org,Sri Lanka,Hansonborough,Corporate,2024-05-21,2026-02-27
799,Barbara Davis,dalejohnson@example.net,Kenya,Brownville,Home Office,2024-10-03,2026-02-27
800,David Abbott,lorraine79@example.org,Jersey,Lake Andrew,Corporate,2024-06-10,2026-02-27
801,Jorge Lyons,thomasroberts@example.net,Bolivia,Richardsonview,Corporate,2024-12-09,2026-02-27
802,Jason Coleman,campbelldavid@example.com,Algeria,Austinmouth,Consumer,2024-03-30,2026-02-27
803,Julie Sharp,albert25@example.net,Togo,West Rachel,Home Office,2025-03-17,2026-02-27
804,Christian Rios,stephen24@example.net,Gabon,Jonesfort,Home Office,2024-11-28,2026-02-27
805,Laura Pennington,david59@example.net,Guernsey,Jonestown,Home Office,2025-11-10,2026-02-27
806,Brian Villa,omorris@example.net,South Africa,North Rachel,Home Office,2024-07-04,2026-02-27
807,Jennifer Brown,danny17@example.com,New Caledonia,East Manuelmouth,Consumer,2024-11-29,2026-02-27
808,Christina King,oshelton@example.org,Saint Vincent and the Grenadines,South Lisa,Consumer,2025-10-10,2026-02-27
809,Lori Barnett,arthurtaylor@example.org,Guyana,Carrollland,Corporate,2024-11-02,2026-02-27
810,Monica Rice,marisahudson@example.com,Macao,Michaelside,Consumer,2025-11-11,2026-02-27
811,Mario Sawyer,martinezzachary@example.org,British Indian Ocean Territory (Chagos Archipelago),Hallside,Home Office,2024-10-26,2026-02-27
812,Tammy King,carlos24@example.org,Martinique,Port April,Consumer,2025-05-19,2026-02-27
813,Kimberly Snow,qgiles@example.net,Antarctica (the territory South of 60 deg S),West Robertborough,Corporate,2024-10-29,2026-02-27
814,Joshua Gross,youngcharles@example.net,United Kingdom,West Tinachester,Home Office,2025-05-09,2026-02-27
815,Juan Potts,jennifer10@example.com,Madagascar,Lake Michael,Home Office,2025-02-10,2026-02-27
816,Crystal Velazquez,ayalalisa@example.net,New Caledonia,Flemingtown,Corporate,2025-04-06,2026-02-27
817,Melissa Jordan,hdunn@example.com,British Indian Ocean Territory (Chagos Archipelago),Michaelmouth,Corporate,2025-01-11,2026-02-27
818,Kevin Perez,ritteralexis@example.net,Egypt,North Brianmouth,Home Office,2024-07-08,2026-02-27
819,Matthew Sanchez,david67@example.net,British Virgin Islands,North Johnside,Consumer,2024-07-27,2026-02-27
820,Stephanie Trevino,xmarquez@example.net,French Guiana,New Patricia,Consumer,2024-10-17,2026-02-27
821,Gregory Jenkins,nramirez@example.org,Tajikistan,West Judy,Home Office,2024-07-30,2026-02-27
822,Brenda Spence,dsantos@example.org,Angola,Huffview,Home Office,2024-09-17,2026-02-27
823,Angela Ramirez,ysimpson@example.com,Kenya,East Jamieburgh,Home Office,2025-06-23,2026-02-27
824,Amanda Hines,kentkaren@example.com,Uzbekistan,Lisashire,Consumer,2024-08-04,2026-02-27
825,Lisa Glenn,aguirreangela@example.net,Venezuela,Micheleside,Consumer,2025-01-31,2026-02-27
826,Kelly Martin,pmcdonald@example.org,United States of America,West Laurenview,Home Office,2024-04-30,2026-02-27
827,Gail Foster,michael49@example.org,British Virgin Islands,Ashleymouth,Corporate,2025-10-30,2026-02-27
828,Alan Smith,churchtimothy@example.net,Cuba,Brownland,Home Office,2024-09-16,2026-02-27
829,Austin White,jordan72@example.org,Norfolk Island,East Monica,Home Office,2025-06-20,2026-02-27
830,Cathy Hunter,criley@example.net,Saint Barthelemy,North Stephanie,Consumer,2026-02-21,2026-02-27
831,Ryan Atkinson,burkemichael@example.org,Madagascar,Wilsonland,Home Office,2024-08-18,2026-02-27
832,Rodney Perry,jliu@example.org,Greece,Matthewchester,Consumer,2025-12-14,2026-02-27
833,Elizabeth Johnson,bradley29@example.org,Botswana,Port Lawrence,Corporate,2025-08-03,2026-02-27
834,Michelle Case,crivas@example.net,Saint Kitts and Nevis,South Kathryn,Home Office,2025-06-15,2026-02-27
835,Wendy Cunningham,hryan@example.net,South Georgia and the South Sandwich Islands,New Thomashaven,Corporate,2025-03-13,2026-02-27
836,Kenneth Bartlett,john53@example.com,Germany,Lake Johnchester,Home Office,2024-11-18,2026-02-27
837,Suzanne Valdez,shanebarnes@example.net,Sweden,New John,Corporate,2025-12-22,2026-02-27
838,Lisa Flynn,lee16@example.com,Madagascar,New Troy,Consumer,2025-12-02,2026-02-27
839,Jesse Jackson,jbaker@example.net,Venezuela,Newtonberg,Home Office,2025-11-23,2026-02-27
840,Christopher Jones,wstrong@example.org,Iran,Lake Kelly,Home Office,2024-10-30,2026-02-27
841,Lee Rodriguez,jonessamantha@example.com,United States Minor Outlying Islands,Mccoychester,Corporate,2024-09-26,2026-02-27
842,Clifford Cannon,hernandezalan@example.net,Heard Island and McDonald Islands,Graymouth,Consumer,2024-07-06,2026-02-27
843,Raymond Hall,kpeterson@example.net,Ukraine,Mitchellfurt,Corporate,2024-10-17,2026-02-27
844,Robert Navarro,russellramirez@example.net,Germany,West Justinville,Corporate,2024-09-25,2026-02-27
845,Christopher Crosby,vanessa13@example.net,Fiji,North Jamie,Consumer,2025-11-01,2026-02-27
846,Steven Moyer,adamwall@example.org,Heard Island and McDonald Islands,West Shelly,Corporate,2025-04-19,2026-02-27
847,Sandra Phillips,moransamantha@example.org,Kenya,Snyderland,Corporate,2025-11-20,2026-02-27
848,Audrey Gomez,garnerjeffrey@example.org,Greece,New Matthew,Home Office,2025-01-24,2026-02-27
849,Angela Watts,hamiltonsarah@example.net,Ghana,Port Angela,Corporate,2025-10-31,2026-02-27
850,Lori Sanchez,owiggins@example.net,Congo,Theodorefort,Home Office,2025-10-14,2026-02-27
851,Craig Liu,aaronjones@example.net,New Zealand,Lake Gregory,Consumer,2024-12-29,2026-02-27
852,Kevin Little,lmoreno@example.com,Tajikistan,West Elizabeth,Corporate,2025-02-19,2026-02-27
853,Kimberly Phillips,danielibarra@example.com,Italy,Nguyenchester,Consumer,2024-05-22,2026-02-27
854,Brian Terry,kimwebb@example.com,Netherlands Antilles,Mcdanieltown,Home Office,2024-09-27,2026-02-27
855,Rachel Brown,jose56@example.com,Sudan,Colemanview,Home Office,2025-12-25,2026-02-27
856,Gina Cardenas,seth39@example.org,Mauritania,Port Colleen,Home Office,2026-01-19,2026-02-27
857,Larry Smith,langchristopher@example.net,Grenada,Katieside,Corporate,2024-04-14,2026-02-27
858,Joseph Galloway,oheath@example.com,Spain,West Martin,Home Office,2024-08-03,2026-02-27
859,Amanda Smith,masonlacey@example.org,Cayman Islands,Kevinbury,Home Office,2025-06-03,2026-02-27
860,Paul Hess,irios@example.net,Turkey,Michelleland,Corporate,2024-04-21,2026-02-27
861,Jennifer Smith,codychapman@example.com,Congo,Kristenchester,Corporate,2025-03-08,2026-02-27
862,Dale Baker,bbennett@example.org,Cyprus,Hoffmanfort,Corporate,2024-09-22,2026-02-27
863,Janet Kaiser,wbean@example.net,Rwanda,South Jeffreytown,Home Office,2024-12-14,2026-02-27
864,Justin Day,douglas11@example.net,Chile,Port Sheri,Home Office,2025-05-06,2026-02-27
865,Ryan Mills,briansnyder@example.com,Georgia,Maryton,Corporate,2024-10-19,2026-02-27
866,Aaron Vaughn,ugardner@example.net,Dominica,Stevenfort,Corporate,2025-03-09,2026-02-27
867,Angela Garcia DDS,amartinez@example.org,Mali,East Jamesville,Consumer,2024-03-27,2026-02-27
868,Robert Freeman,sross@example.org,Jordan,Jenniferview,Consumer,2025-03-15,2026-02-27
869,Matthew Thomas,leahcrane@example.com,Maldives,Thomasborough,Corporate,2026-01-11,2026-02-27
870,Sarah Taylor,asmith@example.org,Canada,Jonestown,Corporate,2024-10-12,2026-02-27
871,Kimberly Rivera,weberbrooke@example.org,Guernsey,West Courtney,Consumer,2026-01-05,2026-02-27
872,Shawna Silva,michael64@example.net,Mauritius,North Brittany,Corporate,2024-05-13,2026-02-27
873,Justin Martinez,xrivera@example.net,Netherlands,Tammyfort,Home Office,2024-07-29,2026-02-27
874,Daniel Noble,douglasalvarez@example.org,Gibraltar,North Derrickmouth,Home Office,2025-01-03,2026-02-27
875,Peter Allen,ybennett@example.net,Lebanon,Larryhaven,Home Office,2024-10-16,2026-02-27
876,Cindy Martin,jennifer68@example.com,Liechtenstein,Ginaside,Corporate,2025-12-15,2026-02-27
877,Sean Wyatt,jessica39@example.net,Turkey,South Neil,Corporate,2026-01-09,2026-02-27
878,Isaac Lee,mark54@example.net,Uruguay,New Joshuaview,Consumer,2025-06-10,2026-02-27
879,Michele Hill MD,roysara@example.net,Norfolk Island,Henryfort,Corporate,2025-08-28,2026-02-27
880,Ashley Wood,janicethompson@example.org,Belize,Flowersville,Corporate,2024-04-08,2026-02-27
881,Brent Stephens,dianamclaughlin@example.com,Taiwan,Rachaelburgh,Consumer,2025-12-20,2026-02-27
882,Kelli Shepard,qbutler@example.net,Bahamas,East Mandyhaven,Corporate,2024-06-14,2026-02-27
883,Andrew Franklin,vthompson@example.org,Georgia,Annville,Consumer,2024-11-03,2026-02-27
884,Kylie Ford,hardinian@example.org,Colombia,Brittanytown,Corporate,2025-09-09,2026-02-27
885,James Miller,kylebecker@example.org,San Marino,West Brian,Corporate,2025-07-27,2026-02-27
886,Ethan Perez,joshuagonzalez@example.com,Eritrea,Bakerfort,Corporate,2024-11-13,2026-02-27
887,Kelly Gallegos,benjamindavenport@example.com,Cape Verde,Lake Ryan,Corporate,2025-06-13,2026-02-27
888,Gordon Schmitt,christopher34@example.org,Lao People's Democratic Republic,Anthonyville,Home Office,2025-03-11,2026-02-27
889,John Morris,cbarrett@example.com,Reunion,Lake Michaeltown,Home Office,2024-06-22,2026-02-27
890,Steven Lopez,kevin78@example.org,Sao Tome and Principe,South Lisamouth,Corporate,2025-05-06,2026-02-27
891,Kara Sanchez,carolyn76@example.com,Armenia,Port Sarah,Home Office,2026-01-04,2026-02-27
892,Derrick Ray,martingarrett@example.com,Turks and Caicos Islands,New Karen,Consumer,2024-06-01,2026-02-27
893,Tracy Parker,laurieellis@example.org,Kuwait,Lake Dylanburgh,Home Office,2024-10-04,2026-02-27
894,Dalton Davis,ericpeters@example.com,Albania,Mooreville,Consumer,2025-02-05,2026-02-27
895,Susan Barnett,wmccarthy@example.org,Iceland,West Kathryn,Consumer,2024-06-04,2026-02-27
896,Sally Cross,icarlson@example.org,Guatemala,Santiagoshire,Consumer,2024-03-18,2026-02-27
897,David Cox,bishopkaren@example.org,Oman,East Vincent,Home Office,2024-03-31,2026-02-27
898,James White,justinhughes@example.com,Antigua and Barbuda,Susanchester,Corporate,2024-07-08,2026-02-27
899,Ashley Drake,gina16@example.org,Central African Republic,Davidhaven,Corporate,2024-12-04,2026-02-27
900,Dr. James Wise,ronald19@example.com,Macao,Kimberlymouth,Home Office,2025-11-05,2026-02-27
901,Christopher Coleman,fberg@example.org,Albania,Stacyshire,Consumer,2024-09-03,2026-02-27
902,Shelby Graham,hcampbell@example.com,Kuwait,Brendanstad,Home Office,2024-08-30,2026-02-27
903,Robert Daniels,kellybutler@example.com,Greece,Cynthiaville,Corporate,2024-11-14,2026-02-27
904,Danielle Miller,martinezduane@example.com,Jersey,Michaelmouth,Home Office,2025-07-14,2026-02-27
905,Sandy Oconnor,uwilliams@example.com,Argentina,New Tiffany,Home Office,2025-06-07,2026-02-27
906,William Miller,roberto02@example.net,Equatorial Guinea,Port Ritaville,Corporate,2025-09-29,2026-02-27
907,Lisa Ryan PhD,brooksthomas@example.com,Falkland Islands (Malvinas),West Walter,Corporate,2024-04-01,2026-02-27
908,Dustin Smith,andrewperry@example.org,Falkland Islands (Malvinas),Stevenmouth,Consumer,2024-05-08,2026-02-27
909,Connie Carr,omatthews@example.net,Greenland,Alvarezside,Consumer,2024-03-08,2026-02-27
910,Jeremy Murray,sclark@example.org,Peru,Scottton,Corporate,2025-06-24,2026-02-27
911,John Mercer,clarktraci@example.com,Gabon,Karenmouth,Consumer,2025-07-04,2026-02-27
912,Carol Bell,wperry@example.org,Sao Tome and Principe,Angelafort,Corporate,2026-02-19,2026-02-27
913,Jamie Rush,davisjeffery@example.org,Montserrat,Gregoryburgh,Home Office,2025-09-09,2026-02-27
914,Krista Bell,robertgreene@example.com,Sierra Leone,Crystalmouth,Consumer,2025-02-28,2026-02-27
915,Jared Sherman,margaret72@example.org,Iran,Aaronmouth,Corporate,2025-09-06,2026-02-27
916,Annette Carpenter,amccann@example.org,North Macedonia,New Jeffreyhaven,Home Office,2026-02-26,2026-02-27
917,Theresa Nguyen,garrettgarrett@example.net,Bermuda,Andrewfurt,Home Office,2025-04-06,2026-02-27
918,Candice Wood,gregorygiles@example.org,Gibraltar,West Calvin,Corporate,2024-03-21,2026-02-27
919,Michael Wallace,laurakaufman@example.net,Norway,Port Cassandramouth,Corporate,2025-11-25,2026-02-27
920,Nathan Jones,flemingrichard@example.net,Latvia,Joneschester,Home Office,2026-01-27,2026-02-27
921,Michelle Lawson,gonzalesmaria@example.org,French Guiana,Claytonton,Home Office,2024-11-19,2026-02-27
922,Marie Patterson,garciamelanie@example.net,Sao Tome and Principe,Lake Garychester,Corporate,2025-06-21,2026-02-27
923,John Baker,dawn17@example.net,Liechtenstein,Port Jordan,Corporate,2024-09-30,2026-02-27
924,Melissa Carroll,juarezearl@example.com,Anguilla,West Anna,Home Office,2025-08-02,2026-02-27
925,Latoya Torres,jnunez@example.net,Sri Lanka,East Catherine,Home Office,2025-11-16,2026-02-27
926,Samuel Aguilar,breannagreen@example.net,Malawi,Woodsburgh,Corporate,2026-02-06,2026-02-27
927,Kathryn Mills,fgrimes@example.net,Chile,Thompsonfurt,Corporate,2024-03-09,2026-02-27
928,Eric Walker,charlotte13@example.com,Luxembourg,Hudsontown,Home Office,2025-11-02,2026-02-27
929,Kelly Perez,michaeljohnson@example.net,Bolivia,Williamview,Corporate,2025-04-06,2026-02-27
930,Shelia Waller,griffinalexandra@example.org,Equatorial Guinea,Lake Sharon,Corporate,2025-11-14,2026-02-27
931,Cassandra Krause,andrea13@example.net,Switzerland,East Alexandraton,Corporate,2024-07-28,2026-02-27
932,Karen Garcia,florescynthia@example.org,Lesotho,South Christopherborough,Corporate,2024-05-10,2026-02-27
933,Elizabeth Smith,hcallahan@example.net,Turks and Caicos Islands,Watersborough,Consumer,2025-05-02,2026-02-27
934,Wendy King,fguzman@example.net,Christmas Island,Williamhaven,Consumer,2024-09-22,2026-02-27
935,Joseph Peterson,connie12@example.com,Albania,Patriciahaven,Home Office,2025-02-05,2026-02-27
936,Jeffrey Torres,rpeterson@example.net,Swaziland,East Kimberly,Consumer,2025-09-06,2026-02-27
937,Erica Moreno,cohensara@example.org,Montserrat,West Eric,Corporate,2025-09-09,2026-02-27
938,Lisa Moore,yvaldez@example.com,Slovakia (Slovak Republic),Jeremyview,Consumer,2025-02-06,2026-02-27
939,Charles Cook,maria57@example.com,Jamaica,Farmertown,Home Office,2025-09-06,2026-02-27
940,Heather Trujillo,bwang@example.net,Cook Islands,Lake Jennifer,Home Office,2024-09-30,2026-02-27
941,Richard Nguyen,laurenwilliamson@example.com,Togo,Danielbury,Home Office,2024-06-24,2026-02-27
942,Leslie Crane,harringtonpeter@example.net,Libyan Arab Jamahiriya,West Valerie,Consumer,2025-04-30,2026-02-27
943,Grant Medina,hmclean@example.com,Burkina Faso,West Tiffanychester,Consumer,2025-10-21,2026-02-27
944,Laura Hoffman,ksanchez@example.net,Serbia,Angelaport,Consumer,2025-07-15,2026-02-27
945,Shelby Lyons,susan57@example.net,Turks and Caicos Islands,East Manuel,Home Office,2024-08-12,2026-02-27
946,Wesley Green,taylordawn@example.com,Indonesia,Yateshaven,Corporate,2024-04-12,2026-02-27
947,Keith Forbes,kristy74@example.net,Grenada,Lake Charlesland,Corporate,2026-02-08,2026-02-27
948,Rebecca Mathis,berrytaylor@example.net,Comoros,Port Gabriellaview,Home Office,2025-02-01,2026-02-27
949,Brittany Rivera MD,shawn60@example.com,Morocco,Adamfurt,Home Office,2024-03-12,2026-02-27
950,David Walker,amanda39@example.com,Uganda,East Kendra,Home Office,2024-07-27,2026-02-27
951,Lance Kirk,amberblevins@example.com,Trinidad and Tobago,Sarahborough,Home Office,2024-07-24,2026-02-27
952,Crystal Gillespie PhD,taylorrachel@example.com,British Virgin Islands,Johnsonborough,Corporate,2024-12-01,2026-02-27
953,Daniel James,davisgregory@example.net,Saint Kitts and Nevis,East Katherineville,Consumer,2026-01-14,2026-02-27
954,Zachary Perry,traciemarsh@example.com,Lesotho,Williammouth,Consumer,2024-03-10,2026-02-27
955,Tyrone Garcia,sonya16@example.net,French Southern Territories,Lake Christopher,Corporate,2025-06-11,2026-02-27
956,Trevor Hill,brandon32@example.net,Algeria,New Eric,Consumer,2025-07-19,2026-02-27
957,Robert Cline,nathan62@example.com,China,New Tammy,Corporate,2025-08-22,2026-02-27
958,Shawn Rodriguez,anthonyharris@example.com,Niue,Reginaview,Consumer,2025-05-26,2026-02-27
959,Allen Ruiz,robinwilliams@example.com,Serbia,East Craig,Corporate,2024-11-08,2026-02-27
960,Austin Novak,ilucero@example.com,Burkina Faso,West Thomasview,Consumer,2024-05-31,2026-02-27
961,Louis Moran,kvasquez@example.org,Brunei Darussalam,New David,Home Office,2026-01-15,2026-02-27
962,Brandon Powell,wrightjohn@example.net,Palestinian Territory,Markmouth,Home Office,2025-06-29,2026-02-27
963,Sophia Wolf,markbrooks@example.org,Mozambique,Lake Rebeccafurt,Consumer,2025-06-03,2026-02-27
964,Alexis Walters,fernandomorris@example.net,Liberia,Mathewsborough,Corporate,2025-05-31,2026-02-27
965,Jodi Lewis,amy14@example.net,Seychelles,Matthewburgh,Consumer,2024-09-01,2026-02-27
966,Mr. Matthew Barnett,kathryn41@example.com,Japan,New Davidbury,Consumer,2026-02-08,2026-02-27
967,Micheal Martinez,kurt68@example.org,Tonga,South Lori,Home Office,2025-12-05,2026-02-27
968,Michael Parsons,jessicagomez@example.net,Slovakia (Slovak Republic),New Michelle,Corporate,2025-03-17,2026-02-27
969,David Valentine,nicholasgarcia@example.org,North Macedonia,Port Sarah,Home Office,2025-08-03,2026-02-27
970,Jessica Harris,haleystacy@example.com,Iceland,Englishmouth,Consumer,2024-10-20,2026-02-27
971,Benjamin Erickson,jason99@example.org,Bahamas,Taylorfort,Home Office,2025-10-20,2026-02-27
972,Tiffany Sanchez,debbiemyers@example.org,Egypt,Chadview,Corporate,2024-06-09,2026-02-27
973,Laurie Chambers,scottchambers@example.com,Algeria,New Larryville,Consumer,2025-09-13,2026-02-27
974,Jeffrey Short,whernandez@example.net,Guam,Stefanieton,Consumer,2024-12-02,2026-02-27
975,John Richards,oblake@example.net,Bosnia and Herzegovina,Lake Carriestad,Home Office,2024-08-22,2026-02-27
976,Michael Reynolds Jr.,grimesjoshua@example.net,Saint Martin,Rebeccahaven,Corporate,2024-10-25,2026-02-27
977,Howard Smith,fsanchez@example.org,Nauru,Wadeville,Corporate,2026-02-25,2026-02-27
978,Lawrence Cunningham DDS,gwilliams@example.net,Taiwan,New Codybury,Corporate,2024-11-17,2026-02-27
979,Jennifer Long,reedkristin@example.com,Montserrat,South Lisachester,Corporate,2025-06-30,2026-02-27
980,Allison Bautista,carterrobert@example.org,Saint Lucia,Atkinsonview,Corporate,2024-11-15,2026-02-27
981,Vincent Hill,nguyenholly@example.net,Estonia,East Angela,Consumer,2025-11-19,2026-02-27
982,Nicole Norman,megangates@example.com,Guinea,West Maria,Consumer,2024-05-11,2026-02-27
983,Emily Crawford,katherineharris@example.net,Libyan Arab Jamahiriya,Matthewmouth,Corporate,2025-12-12,2026-02-27
984,Erica Rodriguez,regina84@example.net,Mauritania,South Christine,Corporate,2024-04-23,2026-02-27
985,Suzanne Alvarado,dustin58@example.com,Indonesia,South Dale,Consumer,2026-01-25,2026-02-27
986,Elizabeth Hudson,nguyenjeffrey@example.org,Ecuador,Lake Victoria,Consumer,2024-03-18,2026-02-27
987,Colleen Golden,nwong@example.org,American Samoa,Johntown,Corporate,2025-11-14,2026-02-27
988,Justin Murillo,robertabbott@example.net,Iran,Francisstad,Corporate,2025-10-06,2026-02-27
989,Steven Giles,amber12@example.com,Tokelau,Port Amanda,Consumer,2024-05-31,2026-02-27
990,Katie Alvarez,daniel93@example.net,Guernsey,South Joseph,Home Office,2025-10-30,2026-02-27
991,Kevin Brown,andrewwest@example.net,Azerbaijan,Thomasberg,Home Office,2024-04-14,2026-02-27
992,Desiree King,reevestravis@example.net,Serbia,South Jason,Home Office,2025-01-23,2026-02-27
993,Erin Hudson,ithomas@example.net,Namibia,Michelleton,Consumer,2025-07-31,2026-02-27
994,William Austin,ucross@example.org,Egypt,Port Howard,Consumer,2025-06-16,2026-02-27
995,Brandon Shah,yballard@example.net,Lebanon,Port Matthew,Consumer,2024-05-07,2026-02-27
996,Sherry Porter,jorgegonzalez@example.com,Oman,West Shannonville,Home Office,2025-03-16,2026-02-27
997,Vicki Brown,cody08@example.org,Albania,Paultown,Corporate,2025-10-04,2026-02-27
998,Benjamin Jackson,nwhite@example.com,Bhutan,New Neil,Consumer,2024-07-06,2026-02-27
999,Patricia Romero,cjohnson@example.net,Tuvalu,Port Sarahport,Consumer,2024-05-16,2026-02-27
1000,Carol Garcia,carrieosborn@example.com,Wallis and Futuna,Mcfarlandside,Consumer,2025-10-27,2026-02-27
